Longitude (x),Latitude (y),Station Name,Climate ID,Date/Time (LST),Year,Month,Day,Time (LST),Temp (°C),Dew Point Temp (°C),Rel Hum (%),Wind Dir (10s deg),Wind Spd (km/h),Visibility (km),Stn Press (kPa),Weather
-123.18,49.19,VANCOUVER INTL A,1108395,2021-01-01 0:00,2021,1,1,0:00,7.2,6.9,98,8,15,12.9,101.65,Rain
-123.18,49.19,VANCOUVER INTL A,1108395,2021-01-01 1:00,2021,1,1,1:00,7.3,6.9,98,9,22,4.8,101.54,"Rain,Fog"
-123.18,49.19,VANCOUVER INTL A,1108395,2021-01-01 2:00,2021,1,1,2:00,7.5,7,97,8,20,12.9,101.42,Moderate Rain
-123.18,49.19,VANCOUVER INTL A,1108395,2021-01-01 3:00,2021,1,1,3:00,7.7,6.7,93,8,25,12.9,101.32,Rain
-123.18,49.19,VANCOUVER INTL A,1108395,2021-01-01 4:00,2021,1,1,4:00,7.5,6.6,94,9,25,16.1,101.23,Rain
-123.18,49.19,VANCOUVER INTL A,1108395,2021-01-01 5:00,2021,1,1,5:00,7.6,6.6,93,8,22,16.1,101.15,Rain
-123.18,49.19,VANCOUVER INTL A,1108395,2021-01-01 6:00,2021,1,1,6:00,7.6,6.4,92,8,29,16.1,101.11,Rain
-123.18,49.19,VANCOUVER INTL A,1108395,2021-01-01 7:00,2021,1,1,7:00,7.2,6.6,95,8,25,12.9,101.09,Rain
-123.18,49.19,VANCOUVER INTL A,1108395,2021-01-01 8:00,2021,1,1,8:00,7.1,6.6,97,9,26,6.4,101.04,"Rain,Fog"
-123.18,49.19,VANCOUVER INTL A,1108395,2021-01-01 9:00,2021,1,1,9:00,7,6.6,97,9,26,3.2,101,"Rain,Fog"
-123.18,49.19,VANCOUVER INTL A,1108395,2021-01-01 10:00,2021,1,1,10:00,7.3,6.8,97,8,33,12.9,100.84,Rain
-123.18,49.19,VANCOUVER INTL A,1108395,2021-01-01 11:00,2021,1,1,11:00,7.9,6.7,93,9,29,32.2,100.63,NA
-123.18,49.19,VANCOUVER INTL A,1108395,2021-01-01 12:00,2021,1,1,12:00,8,6.5,90,9,15,32.2,100.52,NA
-123.18,49.19,VANCOUVER INTL A,1108395,2021-01-01 13:00,2021,1,1,13:00,8.4,6.8,90,10,16,32.2,100.31,Rain
-123.18,49.19,VANCOUVER INTL A,1108395,2021-01-01 14:00,2021,1,1,14:00,8.6,8,96,10,19,24.1,100.23,Rain
-123.18,49.19,VANCOUVER INTL A,1108395,2021-01-01 15:00,2021,1,1,15:00,9.4,8.6,94,13,24,32.2,100.15,Rain
-123.18,49.19,VANCOUVER INTL A,1108395,2021-01-01 16:00,2021,1,1,16:00,9.8,8.6,92,14,23,32.2,100.19,Cloudy
-123.18,49.19,VANCOUVER INTL A,1108395,2021-01-01 17:00,2021,1,1,17:00,9.9,7,82,17,26,32.2,100.25,NA
-123.18,49.19,VANCOUVER INTL A,1108395,2021-01-01 18:00,2021,1,1,18:00,9.6,6.6,82,17,19,32.2,100.37,NA
-123.18,49.19,VANCOUVER INTL A,1108395,2021-01-01 19:00,2021,1,1,19:00,9.1,6.3,82,15,17,32.2,100.41,Cloudy
-123.18,49.19,VANCOUVER INTL A,1108395,2021-01-01 20:00,2021,1,1,20:00,8.3,6.3,87,13,18,32.2,100.5,NA
-123.18,49.19,VANCOUVER INTL A,1108395,2021-01-01 21:00,2021,1,1,21:00,8.8,6.2,84,14,22,32.2,100.5,NA
-123.18,49.19,VANCOUVER INTL A,1108395,2021-01-01 22:00,2021,1,1,22:00,9.3,6.3,82,15,22,32.2,100.56,Mostly Cloudy
-123.18,49.19,VANCOUVER INTL A,1108395,2021-01-01 23:00,2021,1,1,23:00,8.4,7,90,13,17,32.2,100.61,NA
-123.18,49.19,VANCOUVER INTL A,1108395,2021-01-02 0:00,2021,1,2,0:00,8.7,7.3,91,13,25,32.2,100.61,NA
-123.18,49.19,VANCOUVER INTL A,1108395,2021-01-02 1:00,2021,1,2,1:00,8.5,7.2,92,12,23,32.2,100.6,Cloudy
-123.18,49.19,VANCOUVER INTL A,1108395,2021-01-02 2:00,2021,1,2,2:00,8.7,7,89,13,23,32.2,100.56,NA
-123.18,49.19,VANCOUVER INTL A,1108395,2021-01-02 3:00,2021,1,2,3:00,8.6,7.3,91,13,22,32.2,100.6,NA
-123.18,49.19,VANCOUVER INTL A,1108395,2021-01-02 4:00,2021,1,2,4:00,8.5,7.5,94,14,24,32.2,100.59,Cloudy
-123.18,49.19,VANCOUVER INTL A,1108395,2021-01-02 5:00,2021,1,2,5:00,8.3,7.4,94,13,21,24.1,100.56,Rain
-123.18,49.19,VANCOUVER INTL A,1108395,2021-01-02 6:00,2021,1,2,6:00,8.3,7.4,94,13,19,24.1,100.6,Rain
-123.18,49.19,VANCOUVER INTL A,1108395,2021-01-02 7:00,2021,1,2,7:00,8.2,7.4,94,12,23,24.1,100.57,Rain
-123.18,49.19,VANCOUVER INTL A,1108395,2021-01-02 8:00,2021,1,2,8:00,8.2,7.6,96,13,21,19.3,100.54,Rain
-123.18,49.19,VANCOUVER INTL A,1108395,2021-01-02 9:00,2021,1,2,9:00,8.3,7.5,95,14,24,19.3,100.46,Rain
-123.18,49.19,VANCOUVER INTL A,1108395,2021-01-02 10:00,2021,1,2,10:00,8.3,7.3,94,12,26,19.3,100.38,Rain
-123.18,49.19,VANCOUVER INTL A,1108395,2021-01-02 11:00,2021,1,2,11:00,8.2,7.1,93,13,32,19.3,100.25,Rain
-123.18,49.19,VANCOUVER INTL A,1108395,2021-01-02 12:00,2021,1,2,12:00,8.1,6.7,91,14,39,24.1,100.11,Rain
-123.18,49.19,VANCOUVER INTL A,1108395,2021-01-02 13:00,2021,1,2,13:00,8.4,7.1,92,14,41,24.1,99.94,Rain
-123.18,49.19,VANCOUVER INTL A,1108395,2021-01-02 14:00,2021,1,2,14:00,8.5,7.5,93,14,38,19.3,99.83,Rain
-123.18,49.19,VANCOUVER INTL A,1108395,2021-01-02 15:00,2021,1,2,15:00,8.5,7.7,95,15,27,16.1,99.85,Moderate Rain
-123.18,49.19,VANCOUVER INTL A,1108395,2021-01-02 16:00,2021,1,2,16:00,8.6,7.9,96,16,33,19.3,99.84,Rain
-123.18,49.19,VANCOUVER INTL A,1108395,2021-01-02 17:00,2021,1,2,17:00,8.3,7.5,95,19,36,24.1,99.91,Rain
-123.18,49.19,VANCOUVER INTL A,1108395,2021-01-02 18:00,2021,1,2,18:00,8,7.2,95,19,22,32.2,99.95,Rain
-123.18,49.19,VANCOUVER INTL A,1108395,2021-01-02 19:00,2021,1,2,19:00,7.4,5,85,21,26,32.2,100.01,Cloudy
-123.18,49.19,VANCOUVER INTL A,1108395,2021-01-02 20:00,2021,1,2,20:00,7.3,5.7,89,19,22,32.2,100.05,NA
-123.18,49.19,VANCOUVER INTL A,1108395,2021-01-02 21:00,2021,1,2,21:00,7,4.8,86,18,10,32.2,100.13,NA
-123.18,49.19,VANCOUVER INTL A,1108395,2021-01-02 22:00,2021,1,2,22:00,7.2,4.3,82,12,10,32.2,100.17,Cloudy
-123.18,49.19,VANCOUVER INTL A,1108395,2021-01-02 23:00,2021,1,2,23:00,7.6,3.5,75,19,9,32.2,100.27,NA
-123.18,49.19,VANCOUVER INTL A,1108395,2021-01-03 0:00,2021,1,3,0:00,6.9,3.9,81,9,5,32.2,100.34,NA
-123.18,49.19,VANCOUVER INTL A,1108395,2021-01-03 1:00,2021,1,3,1:00,4.2,3,92,10,13,32.2,100.39,Mainly Clear
-123.18,49.19,VANCOUVER INTL A,1108395,2021-01-03 2:00,2021,1,3,2:00,3.2,2.7,97,9,10,32.2,100.47,NA
-123.18,49.19,VANCOUVER INTL A,1108395,2021-01-03 3:00,2021,1,3,3:00,4,3.5,96,8,13,32.2,100.58,NA
-123.18,49.19,VANCOUVER INTL A,1108395,2021-01-03 4:00,2021,1,3,4:00,2.9,2.5,97,9,12,32.2,100.68,Mainly Clear
-123.18,49.19,VANCOUVER INTL A,1108395,2021-01-03 5:00,2021,1,3,5:00,4.1,3.5,96,8,15,32.2,100.76,NA
-123.18,49.19,VANCOUVER INTL A,1108395,2021-01-03 6:00,2021,1,3,6:00,4.9,3.9,93,8,19,32.2,100.82,NA
-123.18,49.19,VANCOUVER INTL A,1108395,2021-01-03 7:00,2021,1,3,7:00,6.1,5.4,95,13,21,24.1,100.86,Rain
-123.18,49.19,VANCOUVER INTL A,1108395,2021-01-03 8:00,2021,1,3,8:00,6,4.8,92,12,18,24.1,100.88,NA
-123.18,49.19,VANCOUVER INTL A,1108395,2021-01-03 9:00,2021,1,3,9:00,5.3,4.7,95,14,24,4.8,101.04,"Moderate Rain,Fog"
-123.18,49.19,VANCOUVER INTL A,1108395,2021-01-03 10:00,2021,1,3,10:00,5.7,5,95,15,23,12.9,101.04,Rain
-123.18,49.19,VANCOUVER INTL A,1108395,2021-01-03 11:00,2021,1,3,11:00,7.1,5.9,92,15,22,24.1,101.06,NA
-123.18,49.19,VANCOUVER INTL A,1108395,2021-01-03 12:00,2021,1,3,12:00,8.2,5.7,84,17,22,24.1,101.11,NA
-123.18,49.19,VANCOUVER INTL A,1108395,2021-01-03 13:00,2021,1,3,13:00,8.8,6.2,84,17,28,24.1,101.17,Mostly Cloudy
-123.18,49.19,VANCOUVER INTL A,1108395,2021-01-03 14:00,2021,1,3,14:00,8.6,6.1,84,15,17,24.1,101.23,NA
-123.18,49.19,VANCOUVER INTL A,1108395,2021-01-03 15:00,2021,1,3,15:00,8.3,5.8,84,16,20,24.1,101.29,NA
-123.18,49.19,VANCOUVER INTL A,1108395,2021-01-03 16:00,2021,1,3,16:00,7.4,5.5,88,13,15,24.1,101.32,Mostly Cloudy
-123.18,49.19,VANCOUVER INTL A,1108395,2021-01-03 17:00,2021,1,3,17:00,6.7,5.3,91,10,17,24.1,101.35,NA
-123.18,49.19,VANCOUVER INTL A,1108395,2021-01-03 18:00,2021,1,3,18:00,7.2,6,92,8,13,24.1,101.33,NA
-123.18,49.19,VANCOUVER INTL A,1108395,2021-01-03 19:00,2021,1,3,19:00,7.1,5.9,92,11,18,24.1,101.34,Mainly Clear
-123.18,49.19,VANCOUVER INTL A,1108395,2021-01-03 20:00,2021,1,3,20:00,6.6,5.7,93,8,19,24.1,101.25,NA
-123.18,49.19,VANCOUVER INTL A,1108395,2021-01-03 21:00,2021,1,3,21:00,7,5.6,91,7,21,24.1,101.15,NA
-123.18,49.19,VANCOUVER INTL A,1108395,2021-01-03 22:00,2021,1,3,22:00,6.9,5.1,88,6,15,24.1,101.03,Mostly Cloudy
-123.18,49.19,VANCOUVER INTL A,1108395,2021-01-03 23:00,2021,1,3,23:00,6.8,4.4,84,7,14,24.1,100.94,NA
-123.18,49.19,VANCOUVER INTL A,1108395,2021-01-04 0:00,2021,1,4,0:00,6.9,4,81,8,18,24.1,100.77,NA
-123.18,49.19,VANCOUVER INTL A,1108395,2021-01-04 1:00,2021,1,4,1:00,6.1,4.3,88,10,29,24.1,100.61,Rain
-123.18,49.19,VANCOUVER INTL A,1108395,2021-01-04 2:00,2021,1,4,2:00,6.6,4.3,85,7,26,24.1,100.39,Rain
-123.18,49.19,VANCOUVER INTL A,1108395,2021-01-04 3:00,2021,1,4,3:00,6.5,4.7,88,8,19,24.1,100.18,Rain
-123.18,49.19,VANCOUVER INTL A,1108395,2021-01-04 4:00,2021,1,4,4:00,6.2,5,92,10,38,24.1,100.07,Rain
-123.18,49.19,VANCOUVER INTL A,1108395,2021-01-04 5:00,2021,1,4,5:00,6.6,5.4,92,9,30,24.1,99.98,Rain
-123.18,49.19,VANCOUVER INTL A,1108395,2021-01-04 6:00,2021,1,4,6:00,6.5,5.5,93,8,26,24.1,99.93,Rain
-123.18,49.19,VANCOUVER INTL A,1108395,2021-01-04 7:00,2021,1,4,7:00,6.6,5.8,95,9,17,12.9,99.88,Rain
-123.18,49.19,VANCOUVER INTL A,1108395,2021-01-04 8:00,2021,1,4,8:00,6.5,6,97,10,13,6.4,99.83,"Moderate Rain,Fog"
-123.18,49.19,VANCOUVER INTL A,1108395,2021-01-04 9:00,2021,1,4,9:00,6.6,6.2,97,9,13,6.4,99.82,"Moderate Rain,Fog"
-123.18,49.19,VANCOUVER INTL A,1108395,2021-01-04 10:00,2021,1,4,10:00,6.8,6.5,97,11,10,9.7,99.8,"Rain,Fog"
-123.18,49.19,VANCOUVER INTL A,1108395,2021-01-04 11:00,2021,1,4,11:00,6.8,6.3,97,24,8,6.4,99.86,"Moderate Rain,Fog"
-123.18,49.19,VANCOUVER INTL A,1108395,2021-01-04 12:00,2021,1,4,12:00,6.7,6.2,97,25,3,12.9,99.93,Rain
-123.18,49.19,VANCOUVER INTL A,1108395,2021-01-04 13:00,2021,1,4,13:00,6.8,6.1,95,25,3,16.1,99.96,Cloudy
-123.18,49.19,VANCOUVER INTL A,1108395,2021-01-04 14:00,2021,1,4,14:00,7.2,6.1,93,19,4,24.1,100.14,NA
-123.18,49.19,VANCOUVER INTL A,1108395,2021-01-04 15:00,2021,1,4,15:00,7.4,6.3,93,9,4,16.1,100.36,NA
-123.18,49.19,VANCOUVER INTL A,1108395,2021-01-04 16:00,2021,1,4,16:00,7.4,6.5,94,10,9,24.1,100.51,Cloudy
-123.18,49.19,VANCOUVER INTL A,1108395,2021-01-04 17:00,2021,1,4,17:00,7,6.4,96,13,4,24.1,100.61,NA
-123.18,49.19,VANCOUVER INTL A,1108395,2021-01-04 18:00,2021,1,4,18:00,7.2,6.1,93,10,4,24.1,100.68,NA
-123.18,49.19,VANCOUVER INTL A,1108395,2021-01-04 19:00,2021,1,4,19:00,6,5.2,95,26,5,24.1,100.86,Cloudy
-123.18,49.19,VANCOUVER INTL A,1108395,2021-01-04 20:00,2021,1,4,20:00,5.8,5.1,95,31,8,24.1,100.96,Rain
-123.18,49.19,VANCOUVER INTL A,1108395,2021-01-04 21:00,2021,1,4,21:00,4.6,4.1,96,34,4,24.1,101.02,NA
-123.18,49.19,VANCOUVER INTL A,1108395,2021-01-04 22:00,2021,1,4,22:00,4.3,4,98,36,3,24.1,101.13,Mainly Clear
-123.18,49.19,VANCOUVER INTL A,1108395,2021-01-04 23:00,2021,1,4,23:00,4.4,4.2,98,34,4,24.1,101.28,NA
-123.18,49.19,VANCOUVER INTL A,1108395,2021-01-05 0:00,2021,1,5,0:00,3.2,3,98,15,5,17.7,101.44,NA
-123.18,49.19,VANCOUVER INTL A,1108395,2021-01-05 1:00,2021,1,5,1:00,5.2,4.9,98,13,6,24.1,101.57,Mostly Cloudy
-123.18,49.19,VANCOUVER INTL A,1108395,2021-01-05 2:00,2021,1,5,2:00,4.2,3.9,98,9,10,24.1,101.63,NA
-123.18,49.19,VANCOUVER INTL A,1108395,2021-01-05 3:00,2021,1,5,3:00,2.8,2.5,98,8,12,24.1,101.67,NA
-123.18,49.19,VANCOUVER INTL A,1108395,2021-01-05 4:00,2021,1,5,4:00,3.8,3.5,97,9,17,24.1,101.66,Mainly Clear
-123.18,49.19,VANCOUVER INTL A,1108395,2021-01-05 5:00,2021,1,5,5:00,4.5,3.9,96,9,14,24.1,101.72,NA
-123.18,49.19,VANCOUVER INTL A,1108395,2021-01-05 6:00,2021,1,5,6:00,5.1,4.2,94,8,18,24.1,101.66,NA
-123.18,49.19,VANCOUVER INTL A,1108395,2021-01-05 7:00,2021,1,5,7:00,5.5,4.2,91,8,16,24.1,101.61,Cloudy
-123.18,49.19,VANCOUVER INTL A,1108395,2021-01-05 8:00,2021,1,5,8:00,5.9,4.2,89,9,20,24.1,101.65,NA
-123.18,49.19,VANCOUVER INTL A,1108395,2021-01-05 9:00,2021,1,5,9:00,6.1,4.4,89,10,21,16.1,101.72,Rain
-123.18,49.19,VANCOUVER INTL A,1108395,2021-01-05 10:00,2021,1,5,10:00,6.4,4.8,89,9,30,24.1,101.6,Rain
-123.18,49.19,VANCOUVER INTL A,1108395,2021-01-05 11:00,2021,1,5,11:00,6.5,4.8,89,8,23,16.1,101.51,Rain
-123.18,49.19,VANCOUVER INTL A,1108395,2021-01-05 12:00,2021,1,5,12:00,6.2,5,92,9,22,16.1,101.45,Rain
-123.18,49.19,VANCOUVER INTL A,1108395,2021-01-05 13:00,2021,1,5,13:00,6.3,4.9,91,8,28,4.8,101.35,"Rain,Fog"
-123.18,49.19,VANCOUVER INTL A,1108395,2021-01-05 14:00,2021,1,5,14:00,5.9,5,94,10,34,4.8,101.22,"Moderate Rain,Fog"
-123.18,49.19,VANCOUVER INTL A,1108395,2021-01-05 15:00,2021,1,5,15:00,5.9,5,94,10,37,4.8,101.17,"Moderate Rain,Fog"
-123.18,49.19,VANCOUVER INTL A,1108395,2021-01-05 16:00,2021,1,5,16:00,5.8,4.8,93,9,26,6.4,101.08,"Rain,Fog"
-123.18,49.19,VANCOUVER INTL A,1108395,2021-01-05 17:00,2021,1,5,17:00,5.5,4.6,94,8,36,6.4,100.94,"Moderate Rain,Fog"
-123.18,49.19,VANCOUVER INTL A,1108395,2021-01-05 18:00,2021,1,5,18:00,5.8,4.8,94,9,31,9.7,100.93,"Moderate Rain,Fog"
-123.18,49.19,VANCOUVER INTL A,1108395,2021-01-05 19:00,2021,1,5,19:00,6.2,5.4,94,10,31,24.1,100.87,Rain
-123.18,49.19,VANCOUVER INTL A,1108395,2021-01-05 20:00,2021,1,5,20:00,6.9,5.5,91,10,26,11.3,100.83,Rain
-123.18,49.19,VANCOUVER INTL A,1108395,2021-01-05 21:00,2021,1,5,21:00,7.6,6.4,92,14,28,11.3,100.88,Moderate Rain
-123.18,49.19,VANCOUVER INTL A,1108395,2021-01-05 22:00,2021,1,5,22:00,7.4,6.2,92,16,30,24.1,100.9,Rain
-123.18,49.19,VANCOUVER INTL A,1108395,2021-01-05 23:00,2021,1,5,23:00,7.4,6.2,92,15,32,24.1,100.93,Rain
-123.18,49.19,VANCOUVER INTL A,1108395,2021-01-06 0:00,2021,1,6,0:00,7.6,6.2,91,14,32,24.1,101.04,NA
-123.18,49.19,VANCOUVER INTL A,1108395,2021-01-06 1:00,2021,1,6,1:00,7.4,6,91,14,26,24.1,101.07,Cloudy
-123.18,49.19,VANCOUVER INTL A,1108395,2021-01-06 2:00,2021,1,6,2:00,7.6,6.2,91,15,28,24.1,101.17,NA
-123.18,49.19,VANCOUVER INTL A,1108395,2021-01-06 3:00,2021,1,6,3:00,7.5,6.3,92,15,22,24.1,101.24,NA
-123.18,49.19,VANCOUVER INTL A,1108395,2021-01-06 4:00,2021,1,6,4:00,7.1,6,93,15,24,24.1,101.28,Cloudy
-123.18,49.19,VANCOUVER INTL A,1108395,2021-01-06 5:00,2021,1,6,5:00,6.9,5.6,92,14,16,24.1,101.31,NA
-123.18,49.19,VANCOUVER INTL A,1108395,2021-01-06 6:00,2021,1,6,6:00,6.7,5.6,92,9,16,24.1,101.38,NA
-123.18,49.19,VANCOUVER INTL A,1108395,2021-01-06 7:00,2021,1,6,7:00,6.2,5.1,93,12,8,32.2,101.44,Mostly Cloudy
-123.18,49.19,VANCOUVER INTL A,1108395,2021-01-06 8:00,2021,1,6,8:00,7,5.9,93,12,17,32.2,101.52,NA
-123.18,49.19,VANCOUVER INTL A,1108395,2021-01-06 9:00,2021,1,6,9:00,6.8,5.7,93,9,13,32.2,101.59,NA
-123.18,49.19,VANCOUVER INTL A,1108395,2021-01-06 10:00,2021,1,6,10:00,8.3,6.6,89,11,16,32.2,101.67,Mostly Cloudy
-123.18,49.19,VANCOUVER INTL A,1108395,2021-01-06 11:00,2021,1,6,11:00,9,6.8,86,9,14,32.2,101.71,NA
-123.18,49.19,VANCOUVER INTL A,1108395,2021-01-06 12:00,2021,1,6,12:00,9.4,6.6,82,12,15,32.2,101.71,NA
-123.18,49.19,VANCOUVER INTL A,1108395,2021-01-06 13:00,2021,1,6,13:00,9.6,6.3,80,10,20,32.2,101.68,Mainly Clear
-123.18,49.19,VANCOUVER INTL A,1108395,2021-01-06 14:00,2021,1,6,14:00,9.9,6.1,77,11,21,32.2,101.66,NA
-123.18,49.19,VANCOUVER INTL A,1108395,2021-01-06 15:00,2021,1,6,15:00,9.2,5.3,77,14,13,32.2,101.68,NA
-123.18,49.19,VANCOUVER INTL A,1108395,2021-01-06 16:00,2021,1,6,16:00,8.3,5.5,82,13,5,32.2,101.67,Mostly Cloudy
-123.18,49.19,VANCOUVER INTL A,1108395,2021-01-06 17:00,2021,1,6,17:00,7.7,5.1,83,5,8,32.2,101.63,NA
-123.18,49.19,VANCOUVER INTL A,1108395,2021-01-06 18:00,2021,1,6,18:00,6.4,4.4,87,4,7,32.2,101.68,NA
-123.18,49.19,VANCOUVER INTL A,1108395,2021-01-06 19:00,2021,1,6,19:00,5,4,94,28,11,32.2,101.8,Mostly Cloudy
-123.18,49.19,VANCOUVER INTL A,1108395,2021-01-06 20:00,2021,1,6,20:00,4.9,4.4,96,28,10,32.2,101.86,NA
-123.18,49.19,VANCOUVER INTL A,1108395,2021-01-06 21:00,2021,1,6,21:00,4.4,4,97,6,4,32.2,101.9,NA
-123.18,49.19,VANCOUVER INTL A,1108395,2021-01-06 22:00,2021,1,6,22:00,4.3,3.8,97,9,11,32.2,101.94,Cloudy
-123.18,49.19,VANCOUVER INTL A,1108395,2021-01-06 23:00,2021,1,6,23:00,4.3,3.1,92,9,3,32.2,102.01,NA
-123.18,49.19,VANCOUVER INTL A,1108395,2021-01-07 0:00,2021,1,7,0:00,3.3,2.5,94,36,1,32.2,102.12,NA
-123.18,49.19,VANCOUVER INTL A,1108395,2021-01-07 1:00,2021,1,7,1:00,2.2,1.7,97,36,3,32.2,102.2,Cloudy
-123.18,49.19,VANCOUVER INTL A,1108395,2021-01-07 2:00,2021,1,7,2:00,3.8,3.4,97,7,7,32.2,102.26,NA
-123.18,49.19,VANCOUVER INTL A,1108395,2021-01-07 3:00,2021,1,7,3:00,3.3,2.8,97,9,6,32.2,102.3,NA
-123.18,49.19,VANCOUVER INTL A,1108395,2021-01-07 4:00,2021,1,7,4:00,3.8,3.2,96,9,7,32.2,102.39,Cloudy
-123.18,49.19,VANCOUVER INTL A,1108395,2021-01-07 5:00,2021,1,7,5:00,4.1,3.5,96,7,9,32.2,102.44,NA
-123.18,49.19,VANCOUVER INTL A,1108395,2021-01-07 6:00,2021,1,7,6:00,4.2,3.4,94,9,16,32.2,102.51,NA
-123.18,49.19,VANCOUVER INTL A,1108395,2021-01-07 7:00,2021,1,7,7:00,3.6,2.8,95,10,16,32.2,102.5,Mostly Cloudy
-123.18,49.19,VANCOUVER INTL A,1108395,2021-01-07 8:00,2021,1,7,8:00,4.4,3.6,95,8,14,32.2,102.5,NA
-123.18,49.19,VANCOUVER INTL A,1108395,2021-01-07 9:00,2021,1,7,9:00,4.9,3.5,90,10,16,32.2,102.51,NA
-123.18,49.19,VANCOUVER INTL A,1108395,2021-01-07 10:00,2021,1,7,10:00,5.5,3.7,88,9,16,32.2,102.58,Cloudy
-123.18,49.19,VANCOUVER INTL A,1108395,2021-01-07 11:00,2021,1,7,11:00,6,4.1,87,12,14,32.2,102.57,NA
-123.18,49.19,VANCOUVER INTL A,1108395,2021-01-07 12:00,2021,1,7,12:00,7,4.5,84,7,7,32.2,102.52,NA
-123.18,49.19,VANCOUVER INTL A,1108395,2021-01-07 13:00,2021,1,7,13:00,8,4.9,81,8,14,32.2,102.42,Mostly Cloudy
-123.18,49.19,VANCOUVER INTL A,1108395,2021-01-07 14:00,2021,1,7,14:00,8.6,4.9,78,8,11,32.2,102.34,NA
-123.18,49.19,VANCOUVER INTL A,1108395,2021-01-07 15:00,2021,1,7,15:00,8,4.4,78,10,16,32.2,102.25,NA
-123.18,49.19,VANCOUVER INTL A,1108395,2021-01-07 16:00,2021,1,7,16:00,7.3,3.8,78,9,16,32.2,102.12,Mostly Cloudy
-123.18,49.19,VANCOUVER INTL A,1108395,2021-01-07 17:00,2021,1,7,17:00,5.8,2.8,81,9,11,32.2,102.01,NA
-123.18,49.19,VANCOUVER INTL A,1108395,2021-01-07 18:00,2021,1,7,18:00,5.9,2.7,80,8,14,32.2,101.89,NA
-123.18,49.19,VANCOUVER INTL A,1108395,2021-01-07 19:00,2021,1,7,19:00,4.9,2.1,82,11,14,32.2,101.83,Mostly Cloudy
-123.18,49.19,VANCOUVER INTL A,1108395,2021-01-07 20:00,2021,1,7,20:00,4.3,1.4,81,10,10,32.2,101.75,NA
-123.18,49.19,VANCOUVER INTL A,1108395,2021-01-07 21:00,2021,1,7,21:00,3.6,0.9,82,9,17,32.2,101.69,NA
-123.18,49.19,VANCOUVER INTL A,1108395,2021-01-07 22:00,2021,1,7,22:00,5.4,1.5,76,8,16,32.2,101.63,Cloudy
-123.18,49.19,VANCOUVER INTL A,1108395,2021-01-07 23:00,2021,1,7,23:00,5.2,1.2,75,9,16,32.2,101.58,NA
-123.18,49.19,VANCOUVER INTL A,1108395,2021-01-08 0:00,2021,1,8,0:00,4.8,1.2,77,10,23,32.2,101.5,NA
-123.18,49.19,VANCOUVER INTL A,1108395,2021-01-08 1:00,2021,1,8,1:00,5.3,0.9,73,9,22,32.2,101.44,Mostly Cloudy
-123.18,49.19,VANCOUVER INTL A,1108395,2021-01-08 2:00,2021,1,8,2:00,4,0.6,78,9,13,32.2,101.47,NA
-123.18,49.19,VANCOUVER INTL A,1108395,2021-01-08 3:00,2021,1,8,3:00,4.6,1,77,9,7,32.2,101.48,NA
-123.18,49.19,VANCOUVER INTL A,1108395,2021-01-08 4:00,2021,1,8,4:00,3.9,2,87,36,2,32.2,101.63,Cloudy
-123.18,49.19,VANCOUVER INTL A,1108395,2021-01-08 5:00,2021,1,8,5:00,5.8,2.7,80,12,18,24.1,101.69,Rain
-123.18,49.19,VANCOUVER INTL A,1108395,2021-01-08 6:00,2021,1,8,6:00,6.1,3.5,83,6,17,19.3,101.72,Rain
-123.18,49.19,VANCOUVER INTL A,1108395,2021-01-08 7:00,2021,1,8,7:00,5.8,4.3,90,5,18,19.3,101.8,Moderate Rain
-123.18,49.19,VANCOUVER INTL A,1108395,2021-01-08 8:00,2021,1,8,8:00,5.8,4.5,92,6,19,19.3,101.94,Rain
-123.18,49.19,VANCOUVER INTL A,1108395,2021-01-08 9:00,2021,1,8,9:00,5.6,4.9,95,7,22,19.3,102.03,Rain
-123.18,49.19,VANCOUVER INTL A,1108395,2021-01-08 10:00,2021,1,8,10:00,6.3,4.7,89,5,15,32.2,102.06,Rain
-123.18,49.19,VANCOUVER INTL A,1108395,2021-01-08 11:00,2021,1,8,11:00,6.6,4.7,87,6,8,32.2,102.2,NA
-123.18,49.19,VANCOUVER INTL A,1108395,2021-01-08 12:00,2021,1,8,12:00,6.3,4.9,91,8,11,32.2,102.29,NA
-123.18,49.19,VANCOUVER INTL A,1108395,2021-01-08 13:00,2021,1,8,13:00,6.5,5,90,7,6,32.2,102.35,Mostly Cloudy
-123.18,49.19,VANCOUVER INTL A,1108395,2021-01-08 14:00,2021,1,8,14:00,6.9,5.4,90,36,8,32.2,102.41,NA
-123.18,49.19,VANCOUVER INTL A,1108395,2021-01-08 15:00,2021,1,8,15:00,7.3,5.3,87,36,2,32.2,102.52,NA
-123.18,49.19,VANCOUVER INTL A,1108395,2021-01-08 16:00,2021,1,8,16:00,6.5,5,90,11,3,32.2,102.56,Mainly Clear
-123.18,49.19,VANCOUVER INTL A,1108395,2021-01-08 17:00,2021,1,8,17:00,5.3,4.7,96,16,6,32.2,102.64,NA
-123.18,49.19,VANCOUVER INTL A,1108395,2021-01-08 18:00,2021,1,8,18:00,5.5,5,96,12,5,32.2,102.76,NA
-123.18,49.19,VANCOUVER INTL A,1108395,2021-01-08 19:00,2021,1,8,19:00,5.2,4.5,95,9,7,32.2,102.83,Mostly Cloudy
-123.18,49.19,VANCOUVER INTL A,1108395,2021-01-08 20:00,2021,1,8,20:00,4.8,4.4,98,36,1,32.2,102.89,NA
-123.18,49.19,VANCOUVER INTL A,1108395,2021-01-08 21:00,2021,1,8,21:00,3.8,3.5,98,4,4,32.2,102.95,NA
-123.18,49.19,VANCOUVER INTL A,1108395,2021-01-08 22:00,2021,1,8,22:00,2.2,2,98,10,7,32.2,102.97,Clear
-123.18,49.19,VANCOUVER INTL A,1108395,2021-01-08 23:00,2021,1,8,23:00,1.7,1.4,98,10,7,32.2,103.04,NA
-123.18,49.19,VANCOUVER INTL A,1108395,2021-01-09 0:00,2021,1,9,0:00,0.9,0.7,98,10,8,0.6,103.05,Fog
-123.18,49.19,VANCOUVER INTL A,1108395,2021-01-09 1:00,2021,1,9,1:00,1,0.7,98,10,10,0.2,103.04,Fog
-123.18,49.19,VANCOUVER INTL A,1108395,2021-01-09 2:00,2021,1,9,2:00,0.8,0.6,99,9,11,9.7,103.05,Fog
-123.18,49.19,VANCOUVER INTL A,1108395,2021-01-09 3:00,2021,1,9,3:00,2.1,2,99,8,9,0.6,103.02,Fog
-123.18,49.19,VANCOUVER INTL A,1108395,2021-01-09 4:00,2021,1,9,4:00,2.2,2.1,99,9,6,0.2,103.03,Fog
-123.18,49.19,VANCOUVER INTL A,1108395,2021-01-09 5:00,2021,1,9,5:00,2.6,2.4,99,6,8,32.2,102.96,NA
-123.18,49.19,VANCOUVER INTL A,1108395,2021-01-09 6:00,2021,1,9,6:00,2,1.8,99,9,4,32.2,102.92,NA
-123.18,49.19,VANCOUVER INTL A,1108395,2021-01-09 7:00,2021,1,9,7:00,1,0.8,99,9,8,24.1,102.86,Mostly Cloudy
-123.18,49.19,VANCOUVER INTL A,1108395,2021-01-09 8:00,2021,1,9,8:00,-0.2,-0.4,98,1,6,32.2,102.8,NA
-123.18,49.19,VANCOUVER INTL A,1108395,2021-01-09 9:00,2021,1,9,9:00,0.3,0.2,99,9,6,32.2,102.8,NA
-123.18,49.19,VANCOUVER INTL A,1108395,2021-01-09 10:00,2021,1,9,10:00,3,2.8,99,9,5,32.2,102.77,Mostly Cloudy
-123.18,49.19,VANCOUVER INTL A,1108395,2021-01-09 11:00,2021,1,9,11:00,3.8,3.1,96,10,12,32.2,102.68,NA
-123.18,49.19,VANCOUVER INTL A,1108395,2021-01-09 12:00,2021,1,9,12:00,4.6,2.4,86,9,14,32.2,102.56,NA
-123.18,49.19,VANCOUVER INTL A,1108395,2021-01-09 13:00,2021,1,9,13:00,5.7,2.3,79,9,12,24.1,102.42,Cloudy
-123.18,49.19,VANCOUVER INTL A,1108395,2021-01-09 14:00,2021,1,9,14:00,5.8,2.2,77,7,9,32.2,102.3,NA
-123.18,49.19,VANCOUVER INTL A,1108395,2021-01-09 15:00,2021,1,9,15:00,6.2,2.4,77,36,3,32.2,102.25,NA
-123.18,49.19,VANCOUVER INTL A,1108395,2021-01-09 16:00,2021,1,9,16:00,4.9,3.5,91,28,7,32.2,102.21,Cloudy
-123.18,49.19,VANCOUVER INTL A,1108395,2021-01-09 17:00,2021,1,9,17:00,4.5,3.1,91,32,9,32.2,102.14,NA
-123.18,49.19,VANCOUVER INTL A,1108395,2021-01-09 18:00,2021,1,9,18:00,5.4,2.9,84,7,7,24.1,102.14,Rain
-123.18,49.19,VANCOUVER INTL A,1108395,2021-01-09 19:00,2021,1,9,19:00,7.2,2.1,70,4,28,24.1,102.04,Cloudy
-123.18,49.19,VANCOUVER INTL A,1108395,2021-01-09 20:00,2021,1,9,20:00,6.3,2.4,76,7,26,24.1,101.99,NA
-123.18,49.19,VANCOUVER INTL A,1108395,2021-01-09 21:00,2021,1,9,21:00,7,1.8,70,6,20,24.1,101.86,NA
-123.18,49.19,VANCOUVER INTL A,1108395,2021-01-09 22:00,2021,1,9,22:00,6.1,2.4,77,10,10,24.1,101.92,Mostly Cloudy
-123.18,49.19,VANCOUVER INTL A,1108395,2021-01-09 23:00,2021,1,9,23:00,6.3,2.4,76,8,16,24.1,101.84,NA
-123.18,49.19,VANCOUVER INTL A,1108395,2021-01-10 0:00,2021,1,10,0:00,5.7,3.1,83,9,21,24.1,101.83,Rain
-123.18,49.19,VANCOUVER INTL A,1108395,2021-01-10 1:00,2021,1,10,1:00,6.7,3.1,78,2,13,24.1,101.87,Rain
-123.18,49.19,VANCOUVER INTL A,1108395,2021-01-10 2:00,2021,1,10,2:00,7,3.5,79,5,17,19.3,101.92,Rain
-123.18,49.19,VANCOUVER INTL A,1108395,2021-01-10 3:00,2021,1,10,3:00,7,3.2,76,10,21,19.3,102.04,Rain
-123.18,49.19,VANCOUVER INTL A,1108395,2021-01-10 4:00,2021,1,10,4:00,6.3,4.1,86,7,22,19.3,102.03,Rain
-123.18,49.19,VANCOUVER INTL A,1108395,2021-01-10 5:00,2021,1,10,5:00,6,4.5,90,6,15,12.9,102.1,Rain
-123.18,49.19,VANCOUVER INTL A,1108395,2021-01-10 6:00,2021,1,10,6:00,5.8,4.7,92,7,15,6.4,102.16,"Moderate Rain,Fog"
-123.18,49.19,VANCOUVER INTL A,1108395,2021-01-10 7:00,2021,1,10,7:00,5.3,4.6,95,8,17,24.1,102.18,Rain
-123.18,49.19,VANCOUVER INTL A,1108395,2021-01-10 8:00,2021,1,10,8:00,5.5,4.5,93,7,15,32.2,102.19,NA
-123.18,49.19,VANCOUVER INTL A,1108395,2021-01-10 9:00,2021,1,10,9:00,5.9,4.8,93,10,17,32.2,102.23,NA
-123.18,49.19,VANCOUVER INTL A,1108395,2021-01-10 10:00,2021,1,10,10:00,6,4.7,91,8,18,32.2,102.24,Cloudy
-123.18,49.19,VANCOUVER INTL A,1108395,2021-01-10 11:00,2021,1,10,11:00,6.6,4.9,89,8,15,9.7,102.28,"Rain,Fog"
-123.18,49.19,VANCOUVER INTL A,1108395,2021-01-10 12:00,2021,1,10,12:00,7.1,5.9,92,8,15,11.3,102.24,Rain
-123.18,49.19,VANCOUVER INTL A,1108395,2021-01-10 13:00,2021,1,10,13:00,7.9,5.8,86,9,15,32.2,102.24,Cloudy
-123.18,49.19,VANCOUVER INTL A,1108395,2021-01-10 14:00,2021,1,10,14:00,7.9,6.1,88,8,14,32.2,102.22,NA
-123.18,49.19,VANCOUVER INTL A,1108395,2021-01-10 15:00,2021,1,10,15:00,7.6,5.9,89,8,17,32.2,102.19,NA
-123.18,49.19,VANCOUVER INTL A,1108395,2021-01-10 16:00,2021,1,10,16:00,7.8,5.9,88,9,17,32.2,102.17,Cloudy
-123.18,49.19,VANCOUVER INTL A,1108395,2021-01-10 17:00,2021,1,10,17:00,7.9,5.9,87,7,16,32.2,102.12,NA
-123.18,49.19,VANCOUVER INTL A,1108395,2021-01-10 18:00,2021,1,10,18:00,7.8,6.1,89,8,15,24.1,102.09,Rain
-123.18,49.19,VANCOUVER INTL A,1108395,2021-01-10 19:00,2021,1,10,19:00,7.9,5.9,87,9,17,24.1,102.03,Cloudy
-123.18,49.19,VANCOUVER INTL A,1108395,2021-01-10 20:00,2021,1,10,20:00,8,6,87,9,17,24.1,102,NA
-123.18,49.19,VANCOUVER INTL A,1108395,2021-01-10 21:00,2021,1,10,21:00,8.3,6,85,8,18,24.1,102.03,NA
-123.18,49.19,VANCOUVER INTL A,1108395,2021-01-10 22:00,2021,1,10,22:00,8.1,6.2,87,9,17,24.1,101.99,Rain
-123.18,49.19,VANCOUVER INTL A,1108395,2021-01-10 23:00,2021,1,10,23:00,8,6.3,89,10,17,24.1,102.01,Rain
-123.18,49.19,VANCOUVER INTL A,1108395,2021-01-11 0:00,2021,1,11,0:00,8,6.6,91,9,20,24.1,101.98,NA
-123.18,49.19,VANCOUVER INTL A,1108395,2021-01-11 1:00,2021,1,11,1:00,8.4,6.6,89,10,26,24.1,101.88,Cloudy
-123.18,49.19,VANCOUVER INTL A,1108395,2021-01-11 2:00,2021,1,11,2:00,8.9,6.4,84,11,26,24.1,101.85,NA
-123.18,49.19,VANCOUVER INTL A,1108395,2021-01-11 3:00,2021,1,11,3:00,9,6.4,84,10,22,24.1,101.82,NA
-123.18,49.19,VANCOUVER INTL A,1108395,2021-01-11 4:00,2021,1,11,4:00,9.4,6.3,81,13,18,24.1,101.73,Cloudy
-123.18,49.19,VANCOUVER INTL A,1108395,2021-01-11 5:00,2021,1,11,5:00,9.2,6.2,81,11,27,24.1,101.68,Rain
-123.18,49.19,VANCOUVER INTL A,1108395,2021-01-11 6:00,2021,1,11,6:00,8.7,7,89,12,19,19.3,101.71,Rain
-123.18,49.19,VANCOUVER INTL A,1108395,2021-01-11 7:00,2021,1,11,7:00,8.4,7.3,93,15,8,11.3,101.79,Moderate Rain
-123.18,49.19,VANCOUVER INTL A,1108395,2021-01-11 8:00,2021,1,11,8:00,8.3,7.3,94,11,21,32.2,101.65,NA
-123.18,49.19,VANCOUVER INTL A,1108395,2021-01-11 9:00,2021,1,11,9:00,8.5,7.3,92,12,20,32.2,101.77,NA
-123.18,49.19,VANCOUVER INTL A,1108395,2021-01-11 10:00,2021,1,11,10:00,8.3,7.1,92,10,25,32.2,101.77,Cloudy
-123.18,49.19,VANCOUVER INTL A,1108395,2021-01-11 11:00,2021,1,11,11:00,8.4,7.1,91,9,22,32.2,101.7,NA
-123.18,49.19,VANCOUVER INTL A,1108395,2021-01-11 12:00,2021,1,11,12:00,8.8,7.1,89,11,25,32.2,101.69,NA
-123.18,49.19,VANCOUVER INTL A,1108395,2021-01-11 13:00,2021,1,11,13:00,9.1,7,87,8,17,32.2,101.65,Cloudy
-123.18,49.19,VANCOUVER INTL A,1108395,2021-01-11 14:00,2021,1,11,14:00,9.3,6.5,82,8,13,32.2,101.56,NA
-123.18,49.19,VANCOUVER INTL A,1108395,2021-01-11 15:00,2021,1,11,15:00,9.5,6.1,79,9,19,24.1,101.5,NA
-123.18,49.19,VANCOUVER INTL A,1108395,2021-01-11 16:00,2021,1,11,16:00,9.9,5.6,74,7,22,32.2,101.36,Cloudy
-123.18,49.19,VANCOUVER INTL A,1108395,2021-01-11 17:00,2021,1,11,17:00,10,5.8,75,9,23,32.2,101.27,NA
-123.18,49.19,VANCOUVER INTL A,1108395,2021-01-11 18:00,2021,1,11,18:00,9.4,6.3,81,8,21,24.1,101.15,Rain
-123.18,49.19,VANCOUVER INTL A,1108395,2021-01-11 19:00,2021,1,11,19:00,7.8,6.9,94,10,28,16.1,101.04,Rain
-123.18,49.19,VANCOUVER INTL A,1108395,2021-01-11 20:00,2021,1,11,20:00,8.1,6.8,92,8,28,16.1,100.92,Rain
-123.18,49.19,VANCOUVER INTL A,1108395,2021-01-11 21:00,2021,1,11,21:00,8,6.7,91,7,25,16.1,100.83,Moderate Rain
-123.18,49.19,VANCOUVER INTL A,1108395,2021-01-11 22:00,2021,1,11,22:00,8.3,6.5,88,9,29,16.1,100.7,Rain
-123.18,49.19,VANCOUVER INTL A,1108395,2021-01-11 23:00,2021,1,11,23:00,8.1,6.6,91,7,26,16.1,100.56,Rain
-123.18,49.19,VANCOUVER INTL A,1108395,2021-01-12 0:00,2021,1,12,0:00,8.4,6.5,88,8,26,19.3,100.45,NA
-123.18,49.19,VANCOUVER INTL A,1108395,2021-01-12 1:00,2021,1,12,1:00,7.5,6.8,95,8,22,8.1,100.41,"Rain,Fog"
-123.18,49.19,VANCOUVER INTL A,1108395,2021-01-12 2:00,2021,1,12,2:00,7.7,6.9,95,9,30,9.7,100.24,"Moderate Rain,Fog"
-123.18,49.19,VANCOUVER INTL A,1108395,2021-01-12 3:00,2021,1,12,3:00,7.9,7.2,95,9,32,9.7,100.12,"Rain,Fog"
-123.18,49.19,VANCOUVER INTL A,1108395,2021-01-12 4:00,2021,1,12,4:00,7.9,7.2,95,8,30,9.7,100.08,"Rain,Fog"
-123.18,49.19,VANCOUVER INTL A,1108395,2021-01-12 5:00,2021,1,12,5:00,7.8,7.3,96,10,26,9.7,100.04,"Rain,Fog"
-123.18,49.19,VANCOUVER INTL A,1108395,2021-01-12 6:00,2021,1,12,6:00,7.9,7.5,97,9,22,12.9,100.04,NA
-123.18,49.19,VANCOUVER INTL A,1108395,2021-01-12 7:00,2021,1,12,7:00,8.2,7.8,97,9,22,24.1,100.04,Cloudy
-123.18,49.19,VANCOUVER INTL A,1108395,2021-01-12 8:00,2021,1,12,8:00,9.4,8.8,96,9,15,17.7,100.08,NA
-123.18,49.19,VANCOUVER INTL A,1108395,2021-01-12 9:00,2021,1,12,9:00,10,9.4,97,8,16,32.2,100.16,NA
-123.18,49.19,VANCOUVER INTL A,1108395,2021-01-12 10:00,2021,1,12,10:00,10,9.4,96,8,10,17.7,100.31,Cloudy
-123.18,49.19,VANCOUVER INTL A,1108395,2021-01-12 11:00,2021,1,12,11:00,10.2,9.5,96,7,16,24.1,100.37,NA
-123.18,49.19,VANCOUVER INTL A,1108395,2021-01-12 12:00,2021,1,12,12:00,10.3,9.8,97,7,11,24.1,100.46,NA
-123.18,49.19,VANCOUVER INTL A,1108395,2021-01-12 13:00,2021,1,12,13:00,10.7,10,95,8,21,32.2,100.39,Cloudy
-123.18,49.19,VANCOUVER INTL A,1108395,2021-01-12 14:00,2021,1,12,14:00,10.6,9.7,94,12,20,32.2,100.47,NA
-123.18,49.19,VANCOUVER INTL A,1108395,2021-01-12 15:00,2021,1,12,15:00,10.4,9.7,95,10,23,32.2,100.41,NA
-123.18,49.19,VANCOUVER INTL A,1108395,2021-01-12 16:00,2021,1,12,16:00,9.9,9.4,96,10,23,32.2,100.34,Cloudy
-123.18,49.19,VANCOUVER INTL A,1108395,2021-01-12 17:00,2021,1,12,17:00,10,9.7,98,9,15,8.1,100.18,"Rain,Fog"
-123.18,49.19,VANCOUVER INTL A,1108395,2021-01-12 18:00,2021,1,12,18:00,9.8,9.4,98,9,23,6.4,100.01,"Moderate Rain,Fog"
-123.18,49.19,VANCOUVER INTL A,1108395,2021-01-12 19:00,2021,1,12,19:00,9.8,9.4,97,8,30,6.4,99.68,"Rain,Fog"
-123.18,49.19,VANCOUVER INTL A,1108395,2021-01-12 20:00,2021,1,12,20:00,10,9.3,96,9,25,8.1,99.55,"Rain,Fog"
-123.18,49.19,VANCOUVER INTL A,1108395,2021-01-12 21:00,2021,1,12,21:00,9.7,9.2,96,10,22,6.4,99.37,"Moderate Rain,Fog"
-123.18,49.19,VANCOUVER INTL A,1108395,2021-01-12 22:00,2021,1,12,22:00,11.9,11.2,96,14,35,9.7,99.23,"Rain,Fog"
-123.18,49.19,VANCOUVER INTL A,1108395,2021-01-12 23:00,2021,1,12,23:00,11.9,11.2,95,14,32,16.1,99.07,Rain
-123.18,49.19,VANCOUVER INTL A,1108395,2021-01-13 0:00,2021,1,13,0:00,12,10.9,93,16,40,24.1,99.06,NA
-123.18,49.19,VANCOUVER INTL A,1108395,2021-01-13 1:00,2021,1,13,1:00,6.1,5.3,94,28,47,16.1,99.55,Cloudy
-123.18,49.19,VANCOUVER INTL A,1108395,2021-01-13 2:00,2021,1,13,2:00,5.8,4.7,93,28,37,24.1,100.01,NA
-123.18,49.19,VANCOUVER INTL A,1108395,2021-01-13 3:00,2021,1,13,3:00,6.4,4.6,88,27,26,24.1,100.45,NA
-123.18,49.19,VANCOUVER INTL A,1108395,2021-01-13 4:00,2021,1,13,4:00,7.3,4.1,80,24,28,24.1,100.71,Mostly Cloudy
-123.18,49.19,VANCOUVER INTL A,1108395,2021-01-13 5:00,2021,1,13,5:00,7.6,1.6,66,25,42,24.1,100.98,NA
-123.18,49.19,VANCOUVER INTL A,1108395,2021-01-13 6:00,2021,1,13,6:00,6.9,0.8,65,24,44,24.1,101.28,NA
-123.18,49.19,VANCOUVER INTL A,1108395,2021-01-13 7:00,2021,1,13,7:00,6.8,1,66,24,36,32.2,101.5,Clear
-123.18,49.19,VANCOUVER INTL A,1108395,2021-01-13 8:00,2021,1,13,8:00,7,1.1,66,25,34,32.2,101.77,NA
-123.18,49.19,VANCOUVER INTL A,1108395,2021-01-13 9:00,2021,1,13,9:00,7.3,1.5,67,25,35,32.2,102.11,NA
-123.18,49.19,VANCOUVER INTL A,1108395,2021-01-13 10:00,2021,1,13,10:00,7.8,2.3,68,27,28,32.2,102.34,Mainly Clear
-123.18,49.19,VANCOUVER INTL A,1108395,2021-01-13 11:00,2021,1,13,11:00,8.3,3.6,72,29,21,32.2,102.56,NA
-123.18,49.19,VANCOUVER INTL A,1108395,2021-01-13 12:00,2021,1,13,12:00,8.8,3.5,69,30,13,32.2,102.68,NA
-123.18,49.19,VANCOUVER INTL A,1108395,2021-01-13 13:00,2021,1,13,13:00,9,3,66,29,12,32.2,102.72,Clear
-123.18,49.19,VANCOUVER INTL A,1108395,2021-01-13 14:00,2021,1,13,14:00,8.9,2.6,65,26,10,32.2,102.82,NA
-123.18,49.19,VANCOUVER INTL A,1108395,2021-01-13 15:00,2021,1,13,15:00,8.8,0.6,56,29,12,32.2,102.95,NA
-123.18,49.19,VANCOUVER INTL A,1108395,2021-01-13 16:00,2021,1,13,16:00,7,2.8,75,21,17,32.2,103.07,Clear
-123.18,49.19,VANCOUVER INTL A,1108395,2021-01-13 17:00,2021,1,13,17:00,5.8,2.1,77,8,9,32.2,103.15,NA
-123.18,49.19,VANCOUVER INTL A,1108395,2021-01-13 18:00,2021,1,13,18:00,4.8,1.2,77,13,10,32.2,103.16,NA
-123.18,49.19,VANCOUVER INTL A,1108395,2021-01-13 19:00,2021,1,13,19:00,4.4,1,78,8,7,32.2,103.27,Mainly Clear
-123.18,49.19,VANCOUVER INTL A,1108395,2021-01-13 20:00,2021,1,13,20:00,4.7,1,77,8,7,32.2,103.28,NA
-123.18,49.19,VANCOUVER INTL A,1108395,2021-01-13 21:00,2021,1,13,21:00,4.5,1,78,8,13,32.2,103.29,NA
-123.18,49.19,VANCOUVER INTL A,1108395,2021-01-13 22:00,2021,1,13,22:00,3.7,0.8,82,8,11,32.2,103.31,Mainly Clear
-123.18,49.19,VANCOUVER INTL A,1108395,2021-01-13 23:00,2021,1,13,23:00,3.2,0.9,85,8,10,32.2,103.36,NA
-123.18,49.19,VANCOUVER INTL A,1108395,2021-01-14 0:00,2021,1,14,0:00,2.9,0.6,84,7,10,32.2,103.38,NA
-123.18,49.19,VANCOUVER INTL A,1108395,2021-01-14 1:00,2021,1,14,1:00,2.5,0.7,88,9,12,32.2,103.37,Mainly Clear
-123.18,49.19,VANCOUVER INTL A,1108395,2021-01-14 2:00,2021,1,14,2:00,1.5,0.1,90,9,9,32.2,103.35,NA
-123.18,49.19,VANCOUVER INTL A,1108395,2021-01-14 3:00,2021,1,14,3:00,1.8,0.1,88,8,10,32.2,103.37,NA
-123.18,49.19,VANCOUVER INTL A,1108395,2021-01-14 4:00,2021,1,14,4:00,1.8,0.2,89,10,8,32.2,103.32,Mostly Cloudy
-123.18,49.19,VANCOUVER INTL A,1108395,2021-01-14 5:00,2021,1,14,5:00,2.7,0.8,87,10,9,32.2,103.28,NA
-123.18,49.19,VANCOUVER INTL A,1108395,2021-01-14 6:00,2021,1,14,6:00,3.4,1.4,87,36,1,32.2,103.19,NA
-123.18,49.19,VANCOUVER INTL A,1108395,2021-01-14 7:00,2021,1,14,7:00,3.7,0.6,80,10,9,32.2,103.09,Mostly Cloudy
-123.18,49.19,VANCOUVER INTL A,1108395,2021-01-14 8:00,2021,1,14,8:00,3.5,1.3,86,27,7,32.2,103.11,NA
-123.18,49.19,VANCOUVER INTL A,1108395,2021-01-14 9:00,2021,1,14,9:00,4.3,2.5,88,18,7,32.2,103.11,NA
-123.18,49.19,VANCOUVER INTL A,1108395,2021-01-14 10:00,2021,1,14,10:00,5.3,2.2,80,21,5,32.2,103.09,Mostly Cloudy
-123.18,49.19,VANCOUVER INTL A,1108395,2021-01-14 11:00,2021,1,14,11:00,5.9,1.4,73,21,5,32.2,103.03,NA
-123.18,49.19,VANCOUVER INTL A,1108395,2021-01-14 12:00,2021,1,14,12:00,6.3,1.6,72,25,8,32.2,102.97,NA
-123.18,49.19,VANCOUVER INTL A,1108395,2021-01-14 13:00,2021,1,14,13:00,7.2,2,69,12,5,32.2,102.85,Mostly Cloudy
-123.18,49.19,VANCOUVER INTL A,1108395,2021-01-14 14:00,2021,1,14,14:00,8.6,1.7,62,6,9,32.2,102.79,NA
-123.18,49.19,VANCOUVER INTL A,1108395,2021-01-14 15:00,2021,1,14,15:00,6.8,3.2,78,36,1,32.2,102.71,NA
-123.18,49.19,VANCOUVER INTL A,1108395,2021-01-14 16:00,2021,1,14,16:00,8.1,2.8,69,11,9,32.2,102.6,Mostly Cloudy
-123.18,49.19,VANCOUVER INTL A,1108395,2021-01-14 17:00,2021,1,14,17:00,5.6,3.5,86,27,5,32.2,102.54,NA
-123.18,49.19,VANCOUVER INTL A,1108395,2021-01-14 18:00,2021,1,14,18:00,6.3,3.6,83,0,1,32.2,102.45,NA
-123.18,49.19,VANCOUVER INTL A,1108395,2021-01-14 19:00,2021,1,14,19:00,6.2,4,86,36,3,32.2,102.38,Cloudy
-123.18,49.19,VANCOUVER INTL A,1108395,2021-01-14 20:00,2021,1,14,20:00,6.8,3,76,9,18,32.2,102.31,NA
-123.18,49.19,VANCOUVER INTL A,1108395,2021-01-14 21:00,2021,1,14,21:00,6.6,2.8,77,10,14,32.2,102.37,NA
-123.18,49.19,VANCOUVER INTL A,1108395,2021-01-14 22:00,2021,1,14,22:00,7.3,2.3,70,8,13,32.2,102.36,Rain
-123.18,49.19,VANCOUVER INTL A,1108395,2021-01-14 23:00,2021,1,14,23:00,7.1,4.3,82,8,20,6.4,102.45,"Moderate Rain,Fog"
-123.18,49.19,VANCOUVER INTL A,1108395,2021-01-15 0:00,2021,1,15,0:00,7.3,5.6,89,5,25,19.3,102.42,Rain
-123.18,49.19,VANCOUVER INTL A,1108395,2021-01-15 1:00,2021,1,15,1:00,7.7,6.3,91,5,33,12.9,102.44,Cloudy
-123.18,49.19,VANCOUVER INTL A,1108395,2021-01-15 2:00,2021,1,15,2:00,7.6,7.1,97,10,25,16.1,102.5,Rain
-123.18,49.19,VANCOUVER INTL A,1108395,2021-01-15 3:00,2021,1,15,3:00,7.7,7.2,96,7,17,32.2,102.58,NA
-123.18,49.19,VANCOUVER INTL A,1108395,2021-01-15 4:00,2021,1,15,4:00,8.1,7.2,95,7,17,32.2,102.64,Cloudy
-123.18,49.19,VANCOUVER INTL A,1108395,2021-01-15 5:00,2021,1,15,5:00,8,7.2,94,7,13,32.2,102.65,NA
-123.18,49.19,VANCOUVER INTL A,1108395,2021-01-15 6:00,2021,1,15,6:00,7.9,7.1,95,10,7,32.2,102.71,NA
-123.18,49.19,VANCOUVER INTL A,1108395,2021-01-15 7:00,2021,1,15,7:00,7.4,6.7,95,9,12,32.2,102.74,Cloudy
-123.18,49.19,VANCOUVER INTL A,1108395,2021-01-15 8:00,2021,1,15,8:00,5.2,4.6,96,11,12,24.1,102.81,NA
-123.18,49.19,VANCOUVER INTL A,1108395,2021-01-15 9:00,2021,1,15,9:00,6.7,6.3,97,6,11,24.1,102.86,NA
-123.18,49.19,VANCOUVER INTL A,1108395,2021-01-15 10:00,2021,1,15,10:00,8.5,7.5,94,11,10,32.2,102.87,Mainly Clear
-123.18,49.19,VANCOUVER INTL A,1108395,2021-01-15 11:00,2021,1,15,11:00,8.5,7.6,94,9,12,32.2,102.85,NA
-123.18,49.19,VANCOUVER INTL A,1108395,2021-01-15 12:00,2021,1,15,12:00,9.5,7.7,88,2,12,32.2,102.83,NA
-123.18,49.19,VANCOUVER INTL A,1108395,2021-01-15 13:00,2021,1,15,13:00,10.1,7.1,82,6,7,32.2,102.86,Mainly Clear
-123.18,49.19,VANCOUVER INTL A,1108395,2021-01-15 14:00,2021,1,15,14:00,10.6,6.9,78,15,3,32.2,102.86,NA
-123.18,49.19,VANCOUVER INTL A,1108395,2021-01-15 15:00,2021,1,15,15:00,9.4,7.1,86,22,9,32.2,102.92,NA
-123.18,49.19,VANCOUVER INTL A,1108395,2021-01-15 16:00,2021,1,15,16:00,7.5,6.6,94,20,9,32.2,102.95,Clear
-123.18,49.19,VANCOUVER INTL A,1108395,2021-01-15 17:00,2021,1,15,17:00,5.6,5.2,97,12,6,32.2,102.99,NA
-123.18,49.19,VANCOUVER INTL A,1108395,2021-01-15 18:00,2021,1,15,18:00,4.4,4,97,32,3,32.2,103,NA
-123.18,49.19,VANCOUVER INTL A,1108395,2021-01-15 19:00,2021,1,15,19:00,4.9,4.6,98,4,3,32.2,103.06,Clear
-123.18,49.19,VANCOUVER INTL A,1108395,2021-01-15 20:00,2021,1,15,20:00,6.2,5.8,98,4,8,32.2,103.07,NA
-123.18,49.19,VANCOUVER INTL A,1108395,2021-01-15 21:00,2021,1,15,21:00,5.8,5.1,95,3,9,32.2,103.06,NA
-123.18,49.19,VANCOUVER INTL A,1108395,2021-01-15 22:00,2021,1,15,22:00,6.5,4.9,90,8,9,32.2,103.08,Mostly Cloudy
-123.18,49.19,VANCOUVER INTL A,1108395,2021-01-15 23:00,2021,1,15,23:00,6.3,5.2,93,8,11,32.2,103.1,NA
-123.18,49.19,VANCOUVER INTL A,1108395,2021-01-16 0:00,2021,1,16,0:00,5.3,4.8,96,8,13,32.2,103.11,NA
-123.18,49.19,VANCOUVER INTL A,1108395,2021-01-16 1:00,2021,1,16,1:00,4.3,3.8,96,10,15,32.2,103.09,Mainly Clear
-123.18,49.19,VANCOUVER INTL A,1108395,2021-01-16 2:00,2021,1,16,2:00,4.6,4.2,97,7,9,32.2,103.08,NA
-123.18,49.19,VANCOUVER INTL A,1108395,2021-01-16 3:00,2021,1,16,3:00,4.9,4.3,96,36,2,32.2,103.12,NA
-123.18,49.19,VANCOUVER INTL A,1108395,2021-01-16 4:00,2021,1,16,4:00,5.3,4.8,96,10,11,32.2,103.06,Cloudy
-123.18,49.19,VANCOUVER INTL A,1108395,2021-01-16 5:00,2021,1,16,5:00,5.4,4.8,96,7,7,32.2,103.07,NA
-123.18,49.19,VANCOUVER INTL A,1108395,2021-01-16 6:00,2021,1,16,6:00,5.4,4.8,96,12,7,32.2,103.03,NA
-123.18,49.19,VANCOUVER INTL A,1108395,2021-01-16 7:00,2021,1,16,7:00,5,4.3,95,10,8,32.2,102.94,Mostly Cloudy
-123.18,49.19,VANCOUVER INTL A,1108395,2021-01-16 8:00,2021,1,16,8:00,4.8,4.2,96,13,5,32.2,102.9,NA
-123.18,49.19,VANCOUVER INTL A,1108395,2021-01-16 9:00,2021,1,16,9:00,5.4,4.4,93,36,2,24.1,102.96,NA
-123.18,49.19,VANCOUVER INTL A,1108395,2021-01-16 10:00,2021,1,16,10:00,6,5,94,36,2,19.3,102.91,Cloudy
-123.18,49.19,VANCOUVER INTL A,1108395,2021-01-16 11:00,2021,1,16,11:00,6.4,5.3,92,25,5,24.1,102.91,NA
-123.18,49.19,VANCOUVER INTL A,1108395,2021-01-16 12:00,2021,1,16,12:00,6.7,5.3,91,25,7,24.1,102.93,NA
-123.18,49.19,VANCOUVER INTL A,1108395,2021-01-16 13:00,2021,1,16,13:00,6.6,5.3,92,20,7,24.1,102.87,Cloudy
-123.18,49.19,VANCOUVER INTL A,1108395,2021-01-16 14:00,2021,1,16,14:00,7,5.2,88,24,5,24.1,102.86,NA
-123.18,49.19,VANCOUVER INTL A,1108395,2021-01-16 15:00,2021,1,16,15:00,6.8,5,88,36,2,24.1,102.84,Rain
-123.18,49.19,VANCOUVER INTL A,1108395,2021-01-16 16:00,2021,1,16,16:00,6.5,5.4,93,32,4,19.3,102.86,Rain
-123.18,49.19,VANCOUVER INTL A,1108395,2021-01-16 17:00,2021,1,16,17:00,6.5,5.8,95,7,9,24.1,102.77,Rain
-123.18,49.19,VANCOUVER INTL A,1108395,2021-01-16 18:00,2021,1,16,18:00,6.6,5.6,93,7,14,19.3,102.66,Rain
-123.18,49.19,VANCOUVER INTL A,1108395,2021-01-16 19:00,2021,1,16,19:00,6.9,6.1,94,5,10,19.3,102.73,Rain
-123.18,49.19,VANCOUVER INTL A,1108395,2021-01-16 20:00,2021,1,16,20:00,6.8,5.8,93,8,7,16.1,102.67,Rain
-123.18,49.19,VANCOUVER INTL A,1108395,2021-01-16 21:00,2021,1,16,21:00,6.1,5.7,97,17,4,19.3,102.74,Rain
-123.18,49.19,VANCOUVER INTL A,1108395,2021-01-16 22:00,2021,1,16,22:00,6.2,5.8,97,8,10,24.1,102.66,Rain
-123.18,49.19,VANCOUVER INTL A,1108395,2021-01-16 23:00,2021,1,16,23:00,6.5,5,90,5,18,24.1,102.6,NA
-123.18,49.19,VANCOUVER INTL A,1108395,2021-01-17 0:00,2021,1,17,0:00,6.1,5.1,93,8,5,24.1,102.68,Rain
-123.18,49.19,VANCOUVER INTL A,1108395,2021-01-17 1:00,2021,1,17,1:00,6,5.1,94,6,15,24.1,102.67,Rain
-123.18,49.19,VANCOUVER INTL A,1108395,2021-01-17 2:00,2021,1,17,2:00,6,4.9,92,9,9,32.2,102.65,NA
-123.18,49.19,VANCOUVER INTL A,1108395,2021-01-17 3:00,2021,1,17,3:00,5.7,4.8,94,8,14,32.2,102.69,NA
-123.18,49.19,VANCOUVER INTL A,1108395,2021-01-17 4:00,2021,1,17,4:00,5.4,5,97,11,10,32.2,102.72,Cloudy
-123.18,49.19,VANCOUVER INTL A,1108395,2021-01-17 5:00,2021,1,17,5:00,5.7,5.1,96,7,11,32.2,102.74,NA
-123.18,49.19,VANCOUVER INTL A,1108395,2021-01-17 6:00,2021,1,17,6:00,5.8,4.9,94,8,13,32.2,102.76,NA
-123.18,49.19,VANCOUVER INTL A,1108395,2021-01-17 7:00,2021,1,17,7:00,6.1,5.1,94,6,7,32.2,102.78,Cloudy
-123.18,49.19,VANCOUVER INTL A,1108395,2021-01-17 8:00,2021,1,17,8:00,6.3,5.3,93,6,12,24.1,102.86,NA
-123.18,49.19,VANCOUVER INTL A,1108395,2021-01-17 9:00,2021,1,17,9:00,6.5,5.4,93,6,7,24.1,102.93,NA
-123.18,49.19,VANCOUVER INTL A,1108395,2021-01-17 10:00,2021,1,17,10:00,7.1,6,93,9,4,24.1,103.05,Cloudy
-123.18,49.19,VANCOUVER INTL A,1108395,2021-01-17 11:00,2021,1,17,11:00,8,6.4,89,14,6,32.2,103.1,NA
-123.18,49.19,VANCOUVER INTL A,1108395,2021-01-17 12:00,2021,1,17,12:00,7.5,6.1,91,24,10,32.2,103.14,NA
-123.18,49.19,VANCOUVER INTL A,1108395,2021-01-17 13:00,2021,1,17,13:00,7.5,6.2,92,25,11,32.2,103.15,Cloudy
-123.18,49.19,VANCOUVER INTL A,1108395,2021-01-17 14:00,2021,1,17,14:00,7.3,6.4,94,26,12,32.2,103.17,NA
-123.18,49.19,VANCOUVER INTL A,1108395,2021-01-17 15:00,2021,1,17,15:00,7.8,6.5,91,27,13,24.1,103.17,NA
-123.18,49.19,VANCOUVER INTL A,1108395,2021-01-17 16:00,2021,1,17,16:00,7,6,93,29,12,32.2,103.22,Mostly Cloudy
-123.18,49.19,VANCOUVER INTL A,1108395,2021-01-17 17:00,2021,1,17,17:00,6.9,6.2,96,30,9,32.2,103.31,NA
-123.18,49.19,VANCOUVER INTL A,1108395,2021-01-17 18:00,2021,1,17,18:00,6.3,5.3,94,30,14,24.1,103.29,NA
-123.18,49.19,VANCOUVER INTL A,1108395,2021-01-17 19:00,2021,1,17,19:00,6.2,5.6,96,33,17,24.1,103.35,Mostly Cloudy
-123.18,49.19,VANCOUVER INTL A,1108395,2021-01-17 20:00,2021,1,17,20:00,6.7,6.1,96,29,17,24.1,103.36,NA
-123.18,49.19,VANCOUVER INTL A,1108395,2021-01-17 21:00,2021,1,17,21:00,5.7,4.8,94,31,14,24.1,103.35,NA
-123.18,49.19,VANCOUVER INTL A,1108395,2021-01-17 22:00,2021,1,17,22:00,5.4,5.1,98,1,5,24.1,103.41,Mostly Cloudy
-123.18,49.19,VANCOUVER INTL A,1108395,2021-01-17 23:00,2021,1,17,23:00,4.9,4.7,98,36,4,24.1,103.46,NA
-123.18,49.19,VANCOUVER INTL A,1108395,2021-01-18 0:00,2021,1,18,0:00,5.8,5.4,97,4,7,24.1,103.46,NA
-123.18,49.19,VANCOUVER INTL A,1108395,2021-01-18 1:00,2021,1,18,1:00,4.9,4.3,96,35,7,24.1,103.47,Mostly Cloudy
-123.18,49.19,VANCOUVER INTL A,1108395,2021-01-18 2:00,2021,1,18,2:00,4.8,4.1,95,33,6,24.1,103.53,NA
-123.18,49.19,VANCOUVER INTL A,1108395,2021-01-18 3:00,2021,1,18,3:00,5.1,4.6,96,35,7,24.1,103.56,NA
-123.18,49.19,VANCOUVER INTL A,1108395,2021-01-18 4:00,2021,1,18,4:00,4.9,4.5,97,3,7,24.1,103.55,Mainly Clear
-123.18,49.19,VANCOUVER INTL A,1108395,2021-01-18 5:00,2021,1,18,5:00,1.9,1.3,96,10,5,24.1,103.5,NA
-123.18,49.19,VANCOUVER INTL A,1108395,2021-01-18 6:00,2021,1,18,6:00,2,1.6,97,32,4,24.1,103.5,NA
-123.18,49.19,VANCOUVER INTL A,1108395,2021-01-18 7:00,2021,1,18,7:00,3,2.1,94,18,3,32.2,103.5,Clear
-123.18,49.19,VANCOUVER INTL A,1108395,2021-01-18 8:00,2021,1,18,8:00,1.7,1.2,97,21,3,32.2,103.51,NA
-123.18,49.19,VANCOUVER INTL A,1108395,2021-01-18 9:00,2021,1,18,9:00,2.7,2.3,98,11,6,32.2,103.59,NA
-123.18,49.19,VANCOUVER INTL A,1108395,2021-01-18 10:00,2021,1,18,10:00,4.9,3.1,88,36,2,32.2,103.63,Mainly Clear
-123.18,49.19,VANCOUVER INTL A,1108395,2021-01-18 11:00,2021,1,18,11:00,7.1,4.2,82,29,7,32.2,103.71,NA
-123.18,49.19,VANCOUVER INTL A,1108395,2021-01-18 12:00,2021,1,18,12:00,6.8,3.7,81,31,17,32.2,103.61,NA
-123.18,49.19,VANCOUVER INTL A,1108395,2021-01-18 13:00,2021,1,18,13:00,7.2,3.2,76,30,12,32.2,103.53,Mainly Clear
-123.18,49.19,VANCOUVER INTL A,1108395,2021-01-18 14:00,2021,1,18,14:00,7,3.4,78,29,9,32.2,103.51,NA
-123.18,49.19,VANCOUVER INTL A,1108395,2021-01-18 15:00,2021,1,18,15:00,6.9,4.2,83,29,13,32.2,103.49,NA
-123.18,49.19,VANCOUVER INTL A,1108395,2021-01-18 16:00,2021,1,18,16:00,6.2,4.1,86,30,12,32.2,103.51,Clear
-123.18,49.19,VANCOUVER INTL A,1108395,2021-01-18 17:00,2021,1,18,17:00,3.6,2.8,94,32,13,32.2,103.55,NA
-123.18,49.19,VANCOUVER INTL A,1108395,2021-01-18 18:00,2021,1,18,18:00,4.2,3.2,94,30,4,32.2,103.54,NA
-123.18,49.19,VANCOUVER INTL A,1108395,2021-01-18 19:00,2021,1,18,19:00,2.2,1.1,92,32,6,24.1,103.53,Clear
-123.18,49.19,VANCOUVER INTL A,1108395,2021-01-18 20:00,2021,1,18,20:00,2.3,1.6,95,36,1,24.1,103.51,NA
-123.18,49.19,VANCOUVER INTL A,1108395,2021-01-18 21:00,2021,1,18,21:00,0.4,-0.5,94,36,7,24.1,103.51,NA
-123.18,49.19,VANCOUVER INTL A,1108395,2021-01-18 22:00,2021,1,18,22:00,2.3,1.7,96,4,7,24.1,103.53,Clear
-123.18,49.19,VANCOUVER INTL A,1108395,2021-01-18 23:00,2021,1,18,23:00,1.5,1,96,8,11,24.1,103.51,NA
-123.18,49.19,VANCOUVER INTL A,1108395,2021-01-19 0:00,2021,1,19,0:00,1.5,0.9,95,9,8,24.1,103.47,NA
-123.18,49.19,VANCOUVER INTL A,1108395,2021-01-19 1:00,2021,1,19,1:00,1.1,0.4,95,36,5,24.1,103.45,Mostly Cloudy
-123.18,49.19,VANCOUVER INTL A,1108395,2021-01-19 2:00,2021,1,19,2:00,1.8,1.2,96,32,5,24.1,103.46,NA
-123.18,49.19,VANCOUVER INTL A,1108395,2021-01-19 3:00,2021,1,19,3:00,1.9,1.4,97,36,3,24.1,103.43,NA
-123.18,49.19,VANCOUVER INTL A,1108395,2021-01-19 4:00,2021,1,19,4:00,2,1.7,98,9,7,24.1,103.38,Cloudy
-123.18,49.19,VANCOUVER INTL A,1108395,2021-01-19 5:00,2021,1,19,5:00,2,1.6,97,10,13,24.1,103.3,NA
-123.18,49.19,VANCOUVER INTL A,1108395,2021-01-19 6:00,2021,1,19,6:00,1.6,1.2,97,10,10,24.1,103.22,NA
-123.18,49.19,VANCOUVER INTL A,1108395,2021-01-19 7:00,2021,1,19,7:00,1.5,1.2,97,10,7,24.1,103.15,Mostly Cloudy
-123.18,49.19,VANCOUVER INTL A,1108395,2021-01-19 8:00,2021,1,19,8:00,1.2,0.8,97,9,9,32.2,103.12,NA
-123.18,49.19,VANCOUVER INTL A,1108395,2021-01-19 9:00,2021,1,19,9:00,1.8,1.4,97,10,11,32.2,103.14,NA
-123.18,49.19,VANCOUVER INTL A,1108395,2021-01-19 10:00,2021,1,19,10:00,4.6,3.1,90,9,12,32.2,103.11,Mostly Cloudy
-123.18,49.19,VANCOUVER INTL A,1108395,2021-01-19 11:00,2021,1,19,11:00,5.6,3,84,11,17,24.1,103.09,NA
-123.18,49.19,VANCOUVER INTL A,1108395,2021-01-19 12:00,2021,1,19,12:00,6.8,3.9,81,13,13,32.2,102.98,NA
-123.18,49.19,VANCOUVER INTL A,1108395,2021-01-19 13:00,2021,1,19,13:00,6.5,3,78,14,17,32.2,102.87,Mostly Cloudy
-123.18,49.19,VANCOUVER INTL A,1108395,2021-01-19 14:00,2021,1,19,14:00,6.1,3.1,81,11,16,32.2,102.83,NA
-123.18,49.19,VANCOUVER INTL A,1108395,2021-01-19 15:00,2021,1,19,15:00,6.3,3,79,13,18,32.2,102.72,NA
-123.18,49.19,VANCOUVER INTL A,1108395,2021-01-19 16:00,2021,1,19,16:00,6.1,3.3,82,15,11,32.2,102.73,Cloudy
-123.18,49.19,VANCOUVER INTL A,1108395,2021-01-19 17:00,2021,1,19,17:00,5.7,3.6,86,10,13,32.2,102.65,NA
-123.18,49.19,VANCOUVER INTL A,1108395,2021-01-19 18:00,2021,1,19,18:00,6,3.6,84,8,10,24.1,102.62,NA
-123.18,49.19,VANCOUVER INTL A,1108395,2021-01-19 19:00,2021,1,19,19:00,6,3.6,85,10,13,24.1,102.58,Cloudy
-123.18,49.19,VANCOUVER INTL A,1108395,2021-01-19 20:00,2021,1,19,20:00,6.1,3.4,83,9,8,24.1,102.6,NA
-123.18,49.19,VANCOUVER INTL A,1108395,2021-01-19 21:00,2021,1,19,21:00,5.7,3.6,86,11,6,24.1,102.58,NA
-123.18,49.19,VANCOUVER INTL A,1108395,2021-01-19 22:00,2021,1,19,22:00,5.3,3.2,87,9,4,24.1,102.56,Cloudy
-123.18,49.19,VANCOUVER INTL A,1108395,2021-01-19 23:00,2021,1,19,23:00,4.9,4.2,95,33,4,22.5,102.54,NA
-123.18,49.19,VANCOUVER INTL A,1108395,2021-01-20 0:00,2021,1,20,0:00,5.1,3.9,91,36,4,24.1,102.49,NA
-123.18,49.19,VANCOUVER INTL A,1108395,2021-01-20 1:00,2021,1,20,1:00,4.8,3.9,94,31,5,24.1,102.47,Cloudy
-123.18,49.19,VANCOUVER INTL A,1108395,2021-01-20 2:00,2021,1,20,2:00,5,4.2,94,33,4,24.1,102.44,NA
-123.18,49.19,VANCOUVER INTL A,1108395,2021-01-20 3:00,2021,1,20,3:00,4.8,3.9,94,28,4,24.1,102.41,NA
-123.18,49.19,VANCOUVER INTL A,1108395,2021-01-20 4:00,2021,1,20,4:00,5.1,4.1,93,31,8,24.1,102.37,Cloudy
-123.18,49.19,VANCOUVER INTL A,1108395,2021-01-20 5:00,2021,1,20,5:00,4.5,3.4,93,25,8,24.1,102.32,NA
-123.18,49.19,VANCOUVER INTL A,1108395,2021-01-20 6:00,2021,1,20,6:00,4.7,3.6,93,26,8,24.1,102.33,NA
-123.18,49.19,VANCOUVER INTL A,1108395,2021-01-20 7:00,2021,1,20,7:00,4.1,3.2,94,29,8,32.2,102.28,Mostly Cloudy
-123.18,49.19,VANCOUVER INTL A,1108395,2021-01-20 8:00,2021,1,20,8:00,3.7,3,95,29,8,32.2,102.23,NA
-123.18,49.19,VANCOUVER INTL A,1108395,2021-01-20 9:00,2021,1,20,9:00,4.5,4,97,36,2,32.2,102.25,NA
-123.18,49.19,VANCOUVER INTL A,1108395,2021-01-20 10:00,2021,1,20,10:00,5,4.3,95,33,7,32.2,102.26,Cloudy
-123.18,49.19,VANCOUVER INTL A,1108395,2021-01-20 11:00,2021,1,20,11:00,6.1,4.5,89,34,5,32.2,102.24,NA
-123.18,49.19,VANCOUVER INTL A,1108395,2021-01-20 12:00,2021,1,20,12:00,6.9,4.7,86,29,7,32.2,102.18,NA
-123.18,49.19,VANCOUVER INTL A,1108395,2021-01-20 13:00,2021,1,20,13:00,7,4.5,84,27,8,32.2,102.13,Mostly Cloudy
-123.18,49.19,VANCOUVER INTL A,1108395,2021-01-20 14:00,2021,1,20,14:00,6.7,4.4,86,29,14,32.2,102.09,NA
-123.18,49.19,VANCOUVER INTL A,1108395,2021-01-20 15:00,2021,1,20,15:00,6.4,4.2,86,29,13,32.2,102.07,NA
-123.18,49.19,VANCOUVER INTL A,1108395,2021-01-20 16:00,2021,1,20,16:00,5.6,3.6,87,32,8,32.2,102.05,Mostly Cloudy
-123.18,49.19,VANCOUVER INTL A,1108395,2021-01-20 17:00,2021,1,20,17:00,4.6,3.5,93,30,8,32.2,102.03,NA
-123.18,49.19,VANCOUVER INTL A,1108395,2021-01-20 18:00,2021,1,20,18:00,5.1,4.2,94,27,9,32.2,102.04,NA
-123.18,49.19,VANCOUVER INTL A,1108395,2021-01-20 19:00,2021,1,20,19:00,5.6,4.4,92,28,14,32.2,102.02,Cloudy
-123.18,49.19,VANCOUVER INTL A,1108395,2021-01-20 20:00,2021,1,20,20:00,5.5,4.2,91,31,11,32.2,102.02,NA
-123.18,49.19,VANCOUVER INTL A,1108395,2021-01-20 21:00,2021,1,20,21:00,5.5,4.4,92,31,9,32.2,102,NA
-123.18,49.19,VANCOUVER INTL A,1108395,2021-01-20 22:00,2021,1,20,22:00,5.4,4.1,91,36,2,32.2,102.01,Cloudy
-123.18,49.19,VANCOUVER INTL A,1108395,2021-01-20 23:00,2021,1,20,23:00,5.5,3.9,90,12,3,32.2,102,NA
-123.18,49.19,VANCOUVER INTL A,1108395,2021-01-21 0:00,2021,1,21,0:00,5.6,4.5,93,8,6,24.1,102.01,Rain
-123.18,49.19,VANCOUVER INTL A,1108395,2021-01-21 1:00,2021,1,21,1:00,4.8,4.3,97,32,8,32.2,102,Cloudy
-123.18,49.19,VANCOUVER INTL A,1108395,2021-01-21 2:00,2021,1,21,2:00,4.8,4.4,97,33,9,32.2,101.98,NA
-123.18,49.19,VANCOUVER INTL A,1108395,2021-01-21 3:00,2021,1,21,3:00,4.6,4.2,97,32,7,32.2,101.96,NA
-123.18,49.19,VANCOUVER INTL A,1108395,2021-01-21 4:00,2021,1,21,4:00,4.5,3.9,96,36,2,32.2,101.92,Cloudy
-123.18,49.19,VANCOUVER INTL A,1108395,2021-01-21 5:00,2021,1,21,5:00,3.6,3.1,96,36,1,32.2,101.89,NA
-123.18,49.19,VANCOUVER INTL A,1108395,2021-01-21 6:00,2021,1,21,6:00,3.7,3.3,97,0,1,32.2,101.88,NA
-123.18,49.19,VANCOUVER INTL A,1108395,2021-01-21 7:00,2021,1,21,7:00,3,2.7,98,36,3,32.2,101.88,Mostly Cloudy
-123.18,49.19,VANCOUVER INTL A,1108395,2021-01-21 8:00,2021,1,21,8:00,2.1,1.6,97,10,9,32.2,101.89,NA
-123.18,49.19,VANCOUVER INTL A,1108395,2021-01-21 9:00,2021,1,21,9:00,4,3.7,98,31,5,32.2,101.94,NA
-123.18,49.19,VANCOUVER INTL A,1108395,2021-01-21 10:00,2021,1,21,10:00,5.7,4.4,92,36,2,32.2,101.94,Mostly Cloudy
-123.18,49.19,VANCOUVER INTL A,1108395,2021-01-21 11:00,2021,1,21,11:00,6.8,3.9,81,1,4,32.2,101.95,NA
-123.18,49.19,VANCOUVER INTL A,1108395,2021-01-21 12:00,2021,1,21,12:00,7.2,3.9,79,29,22,32.2,101.91,NA
-123.18,49.19,VANCOUVER INTL A,1108395,2021-01-21 13:00,2021,1,21,13:00,7.3,3.7,78,29,23,32.2,101.87,Mainly Clear
-123.18,49.19,VANCOUVER INTL A,1108395,2021-01-21 14:00,2021,1,21,14:00,6.9,4.2,83,28,27,32.2,101.84,NA
-123.18,49.19,VANCOUVER INTL A,1108395,2021-01-21 15:00,2021,1,21,15:00,6.8,4.5,85,29,25,32.2,101.83,NA
-123.18,49.19,VANCOUVER INTL A,1108395,2021-01-21 16:00,2021,1,21,16:00,6.1,3.9,85,29,24,32.2,101.81,Clear
-123.18,49.19,VANCOUVER INTL A,1108395,2021-01-21 17:00,2021,1,21,17:00,5.1,3.2,88,29,23,32.2,101.84,NA
-123.18,49.19,VANCOUVER INTL A,1108395,2021-01-21 18:00,2021,1,21,18:00,4.8,3.2,89,29,23,32.2,101.84,NA
-123.18,49.19,VANCOUVER INTL A,1108395,2021-01-21 19:00,2021,1,21,19:00,4.3,2.7,89,30,17,32.2,101.85,Clear
-123.18,49.19,VANCOUVER INTL A,1108395,2021-01-21 20:00,2021,1,21,20:00,2.5,0.8,89,33,10,32.2,101.88,NA
-123.18,49.19,VANCOUVER INTL A,1108395,2021-01-21 21:00,2021,1,21,21:00,0.7,-0.6,91,1,8,32.2,101.87,NA
-123.18,49.19,VANCOUVER INTL A,1108395,2021-01-21 22:00,2021,1,21,22:00,2.1,0.6,89,3,4,32.2,101.9,Clear
-123.18,49.19,VANCOUVER INTL A,1108395,2021-01-21 23:00,2021,1,21,23:00,2.4,-0.9,79,21,5,32.2,101.92,NA
-123.18,49.19,VANCOUVER INTL A,1108395,2021-01-22 0:00,2021,1,22,0:00,-0.7,-1.8,92,35,5,32.2,101.92,NA
-123.18,49.19,VANCOUVER INTL A,1108395,2021-01-22 1:00,2021,1,22,1:00,-0.7,-2.4,88,36,3,32.2,101.91,Clear
-123.18,49.19,VANCOUVER INTL A,1108395,2021-01-22 2:00,2021,1,22,2:00,-0.5,-2.3,88,35,9,32.2,101.91,NA
-123.18,49.19,VANCOUVER INTL A,1108395,2021-01-22 3:00,2021,1,22,3:00,-0.2,-1.7,90,34,3,32.2,101.92,NA
-123.18,49.19,VANCOUVER INTL A,1108395,2021-01-22 4:00,2021,1,22,4:00,-1.5,-3.4,87,1,5,32.2,101.86,Clear
-123.18,49.19,VANCOUVER INTL A,1108395,2021-01-22 5:00,2021,1,22,5:00,-1,-2.2,92,36,7,32.2,101.86,NA
-123.18,49.19,VANCOUVER INTL A,1108395,2021-01-22 6:00,2021,1,22,6:00,-1.5,-3.7,85,12,3,32.2,101.86,NA
-123.18,49.19,VANCOUVER INTL A,1108395,2021-01-22 7:00,2021,1,22,7:00,-0.8,-2.7,87,8,4,32.2,101.9,Mainly Clear
-123.18,49.19,VANCOUVER INTL A,1108395,2021-01-22 8:00,2021,1,22,8:00,-1.8,-3.7,87,13,5,32.2,101.94,NA
-123.18,49.19,VANCOUVER INTL A,1108395,2021-01-22 9:00,2021,1,22,9:00,1.1,-2.6,76,33,10,32.2,101.95,NA
-123.18,49.19,VANCOUVER INTL A,1108395,2021-01-22 10:00,2021,1,22,10:00,3.2,-2,69,31,14,32.2,101.98,Clear
-123.18,49.19,VANCOUVER INTL A,1108395,2021-01-22 11:00,2021,1,22,11:00,4.5,-2.8,59,30,18,32.2,101.97,NA
-123.18,49.19,VANCOUVER INTL A,1108395,2021-01-22 12:00,2021,1,22,12:00,5.3,-2.5,57,30,19,32.2,101.94,NA
-123.18,49.19,VANCOUVER INTL A,1108395,2021-01-22 13:00,2021,1,22,13:00,5.2,1.3,76,30,22,32.2,101.92,Clear
-123.18,49.19,VANCOUVER INTL A,1108395,2021-01-22 14:00,2021,1,22,14:00,5.4,1.6,77,29,21,32.2,101.9,NA
-123.18,49.19,VANCOUVER INTL A,1108395,2021-01-22 15:00,2021,1,22,15:00,5.3,0.9,73,29,25,32.2,101.87,NA
-123.18,49.19,VANCOUVER INTL A,1108395,2021-01-22 16:00,2021,1,22,16:00,4.5,1,78,29,22,32.2,101.86,Clear
-123.18,49.19,VANCOUVER INTL A,1108395,2021-01-22 17:00,2021,1,22,17:00,2.7,0.1,83,29,14,32.2,101.85,NA
-123.18,49.19,VANCOUVER INTL A,1108395,2021-01-22 18:00,2021,1,22,18:00,2.6,0,83,30,15,32.2,101.85,NA
-123.18,49.19,VANCOUVER INTL A,1108395,2021-01-22 19:00,2021,1,22,19:00,1.4,-0.6,86,34,4,32.2,101.86,Clear
-123.18,49.19,VANCOUVER INTL A,1108395,2021-01-22 20:00,2021,1,22,20:00,0.8,-0.5,91,36,1,32.2,101.89,NA
-123.18,49.19,VANCOUVER INTL A,1108395,2021-01-22 21:00,2021,1,22,21:00,-0.3,-1.6,91,36,4,32.2,101.95,NA
-123.18,49.19,VANCOUVER INTL A,1108395,2021-01-22 22:00,2021,1,22,22:00,-0.7,-2.5,88,34,5,32.2,101.95,Clear
-123.18,49.19,VANCOUVER INTL A,1108395,2021-01-22 23:00,2021,1,22,23:00,-2.1,-4,87,8,6,32.2,102.01,NA
-123.18,49.19,VANCOUVER INTL A,1108395,2021-01-23 0:00,2021,1,23,0:00,-1.5,-3.3,88,10,5,32.2,102.03,NA
-123.18,49.19,VANCOUVER INTL A,1108395,2021-01-23 1:00,2021,1,23,1:00,-2.6,-3.8,92,10,8,32.2,102.04,Clear
-123.18,49.19,VANCOUVER INTL A,1108395,2021-01-23 2:00,2021,1,23,2:00,-1.6,-3.3,88,9,8,32.2,102.03,NA
-123.18,49.19,VANCOUVER INTL A,1108395,2021-01-23 3:00,2021,1,23,3:00,-3.4,-4.5,92,10,12,32.2,102.05,NA
-123.18,49.19,VANCOUVER INTL A,1108395,2021-01-23 4:00,2021,1,23,4:00,-1.8,-2.9,92,1,7,32.2,102.07,Clear
-123.18,49.19,VANCOUVER INTL A,1108395,2021-01-23 5:00,2021,1,23,5:00,-3,-4.2,91,36,2,32.2,102.06,NA
-123.18,49.19,VANCOUVER INTL A,1108395,2021-01-23 6:00,2021,1,23,6:00,-4.5,-5.6,92,10,9,32.2,102.03,NA
-123.18,49.19,VANCOUVER INTL A,1108395,2021-01-23 7:00,2021,1,23,7:00,-3.7,-5.2,89,10,9,32.2,102.04,Clear
-123.18,49.19,VANCOUVER INTL A,1108395,2021-01-23 8:00,2021,1,23,8:00,-3.4,-4.5,92,9,7,32.2,102.08,NA
-123.18,49.19,VANCOUVER INTL A,1108395,2021-01-23 9:00,2021,1,23,9:00,-1.7,-3.1,90,9,10,32.2,102.12,NA
-123.18,49.19,VANCOUVER INTL A,1108395,2021-01-23 10:00,2021,1,23,10:00,0.7,-1.5,85,10,9,32.2,102.12,Clear
-123.18,49.19,VANCOUVER INTL A,1108395,2021-01-23 11:00,2021,1,23,11:00,2.4,-2.6,70,10,8,32.2,102.12,NA
-123.18,49.19,VANCOUVER INTL A,1108395,2021-01-23 12:00,2021,1,23,12:00,3.7,-2.8,63,14,5,32.2,102.05,NA
-123.18,49.19,VANCOUVER INTL A,1108395,2021-01-23 13:00,2021,1,23,13:00,4.3,-1.7,65,18,5,32.2,102.01,Mainly Clear
-123.18,49.19,VANCOUVER INTL A,1108395,2021-01-23 14:00,2021,1,23,14:00,3.9,-1.3,69,24,8,32.2,101.98,NA
-123.18,49.19,VANCOUVER INTL A,1108395,2021-01-23 15:00,2021,1,23,15:00,3.5,-1.3,71,22,3,32.2,101.93,NA
-123.18,49.19,VANCOUVER INTL A,1108395,2021-01-23 16:00,2021,1,23,16:00,2.9,-1.5,73,36,2,32.2,101.87,Mostly Cloudy
-123.18,49.19,VANCOUVER INTL A,1108395,2021-01-23 17:00,2021,1,23,17:00,2,-1.8,76,36,1,32.2,101.85,NA
-123.18,49.19,VANCOUVER INTL A,1108395,2021-01-23 18:00,2021,1,23,18:00,0.7,-2.4,80,36,2,32.2,101.82,NA
-123.18,49.19,VANCOUVER INTL A,1108395,2021-01-23 19:00,2021,1,23,19:00,2.2,-2.2,73,8,10,24.1,101.75,Mostly Cloudy
-123.18,49.19,VANCOUVER INTL A,1108395,2021-01-23 20:00,2021,1,23,20:00,2.6,-2,71,7,12,24.1,101.69,NA
-123.18,49.19,VANCOUVER INTL A,1108395,2021-01-23 21:00,2021,1,23,21:00,3.1,-2.5,67,8,12,24.1,101.64,NA
-123.18,49.19,VANCOUVER INTL A,1108395,2021-01-23 22:00,2021,1,23,22:00,2.7,-1.8,73,8,18,24.1,101.59,Cloudy
-123.18,49.19,VANCOUVER INTL A,1108395,2021-01-23 23:00,2021,1,23,23:00,2.8,-0.2,81,6,13,24.1,101.53,NA
-123.18,49.19,VANCOUVER INTL A,1108395,2021-01-24 0:00,2021,1,24,0:00,2.8,-1.3,74,6,14,24.1,101.46,NA
-123.18,49.19,VANCOUVER INTL A,1108395,2021-01-24 1:00,2021,1,24,1:00,2.9,-1.1,75,6,13,24.1,101.37,Rain
-123.18,49.19,VANCOUVER INTL A,1108395,2021-01-24 2:00,2021,1,24,2:00,2.8,-0.4,79,6,14,24.1,101.29,NA
-123.18,49.19,VANCOUVER INTL A,1108395,2021-01-24 3:00,2021,1,24,3:00,2.5,0.3,86,6,14,24.1,101.19,Rain
-123.18,49.19,VANCOUVER INTL A,1108395,2021-01-24 4:00,2021,1,24,4:00,2.3,0.5,88,7,12,16.1,101.1,Rain
-123.18,49.19,VANCOUVER INTL A,1108395,2021-01-24 5:00,2021,1,24,5:00,2.2,0.7,90,7,17,19.3,101.01,Rain
-123.18,49.19,VANCOUVER INTL A,1108395,2021-01-24 6:00,2021,1,24,6:00,2.1,0.8,91,8,16,16.1,100.94,Rain
-123.18,49.19,VANCOUVER INTL A,1108395,2021-01-24 7:00,2021,1,24,7:00,2,0.9,92,6,13,17.7,100.87,Rain
-123.18,49.19,VANCOUVER INTL A,1108395,2021-01-24 8:00,2021,1,24,8:00,1.8,0.8,93,7,15,12.9,100.8,NA
-123.18,49.19,VANCOUVER INTL A,1108395,2021-01-24 9:00,2021,1,24,9:00,1.9,0.9,94,9,20,9.7,100.73,"Rain,Fog"
-123.18,49.19,VANCOUVER INTL A,1108395,2021-01-24 10:00,2021,1,24,10:00,1.5,0.8,95,9,17,8.1,100.72,"Snow,Fog"
-123.18,49.19,VANCOUVER INTL A,1108395,2021-01-24 11:00,2021,1,24,11:00,2.1,1.4,96,8,16,9.7,100.66,"Rain,Fog"
-123.18,49.19,VANCOUVER INTL A,1108395,2021-01-24 12:00,2021,1,24,12:00,2.4,1.8,95,7,15,4.8,100.58,Rain
-123.18,49.19,VANCOUVER INTL A,1108395,2021-01-24 13:00,2021,1,24,13:00,2.6,1.8,95,8,17,9.7,100.52,"Rain,Fog"
-123.18,49.19,VANCOUVER INTL A,1108395,2021-01-24 14:00,2021,1,24,14:00,2.3,1.5,95,8,18,8.1,100.5,"Rain,Fog"
-123.18,49.19,VANCOUVER INTL A,1108395,2021-01-24 15:00,2021,1,24,15:00,2.2,1.4,95,6,18,11.3,100.48,Rain
-123.18,49.19,VANCOUVER INTL A,1108395,2021-01-24 16:00,2021,1,24,16:00,2.5,1.7,95,9,13,11.3,100.49,Rain
-123.18,49.19,VANCOUVER INTL A,1108395,2021-01-24 17:00,2021,1,24,17:00,2.6,1.8,95,8,14,9.7,100.5,"Rain,Fog"
-123.18,49.19,VANCOUVER INTL A,1108395,2021-01-24 18:00,2021,1,24,18:00,2.7,1.9,95,8,12,17.7,100.51,Rain
-123.18,49.19,VANCOUVER INTL A,1108395,2021-01-24 19:00,2021,1,24,19:00,2.6,2,96,9,12,17.7,100.52,Rain
-123.18,49.19,VANCOUVER INTL A,1108395,2021-01-24 20:00,2021,1,24,20:00,2.6,2,96,8,12,17.7,100.53,Rain
-123.18,49.19,VANCOUVER INTL A,1108395,2021-01-24 21:00,2021,1,24,21:00,2.6,2,96,8,11,16.1,100.55,Rain
-123.18,49.19,VANCOUVER INTL A,1108395,2021-01-24 22:00,2021,1,24,22:00,2.7,2.2,96,9,14,16.1,100.58,Rain
-123.18,49.19,VANCOUVER INTL A,1108395,2021-01-24 23:00,2021,1,24,23:00,2.7,2.1,96,9,10,16.1,100.61,Rain
-123.18,49.19,VANCOUVER INTL A,1108395,2021-01-25 0:00,2021,1,25,0:00,2.2,1.7,96,9,15,17.7,100.64,Rain
-123.18,49.19,VANCOUVER INTL A,1108395,2021-01-25 1:00,2021,1,25,1:00,2,1.2,95,7,20,19.3,100.63,Rain
-123.18,49.19,VANCOUVER INTL A,1108395,2021-01-25 2:00,2021,1,25,2:00,1.9,1.1,95,7,20,16.1,100.63,Rain
-123.18,49.19,VANCOUVER INTL A,1108395,2021-01-25 3:00,2021,1,25,3:00,2,1.3,95,8,19,9.7,100.68,"Rain,Fog"
-123.18,49.19,VANCOUVER INTL A,1108395,2021-01-25 4:00,2021,1,25,4:00,2.3,1.6,95,8,16,16.1,100.68,Cloudy
-123.18,49.19,VANCOUVER INTL A,1108395,2021-01-25 5:00,2021,1,25,5:00,2.4,1.7,95,8,20,12.9,100.7,Rain
-123.18,49.19,VANCOUVER INTL A,1108395,2021-01-25 6:00,2021,1,25,6:00,2.5,1.9,96,9,18,9.7,100.72,"Rain,Fog"
-123.18,49.19,VANCOUVER INTL A,1108395,2021-01-25 7:00,2021,1,25,7:00,2.7,2.1,96,10,22,11.3,100.79,Cloudy
-123.18,49.19,VANCOUVER INTL A,1108395,2021-01-25 8:00,2021,1,25,8:00,2.7,2,95,9,22,11.3,100.83,Rain
-123.18,49.19,VANCOUVER INTL A,1108395,2021-01-25 9:00,2021,1,25,9:00,2.8,1.9,94,9,24,17.7,100.86,Rain
-123.18,49.19,VANCOUVER INTL A,1108395,2021-01-25 10:00,2021,1,25,10:00,2.6,1.7,94,10,16,17.7,100.94,Moderate Rain Showers
-123.18,49.19,VANCOUVER INTL A,1108395,2021-01-25 11:00,2021,1,25,11:00,3.6,2.7,93,10,17,24.1,100.98,NA
-123.18,49.19,VANCOUVER INTL A,1108395,2021-01-25 12:00,2021,1,25,12:00,3.4,1.6,88,19,6,24.1,100.97,Rain
-123.18,49.19,VANCOUVER INTL A,1108395,2021-01-25 13:00,2021,1,25,13:00,3.9,2.3,89,12,15,11.3,100.97,Moderate Rain
-123.18,49.19,VANCOUVER INTL A,1108395,2021-01-25 14:00,2021,1,25,14:00,5,2.5,84,11,17,24.1,100.98,Rain Showers
-123.18,49.19,VANCOUVER INTL A,1108395,2021-01-25 15:00,2021,1,25,15:00,4.2,2,86,21,5,24.1,101.01,NA
-123.18,49.19,VANCOUVER INTL A,1108395,2021-01-25 16:00,2021,1,25,16:00,4,2.5,90,7,8,32.2,101.02,Mostly Cloudy
-123.18,49.19,VANCOUVER INTL A,1108395,2021-01-25 17:00,2021,1,25,17:00,4.8,2.3,84,12,17,32.2,101.01,NA
-123.18,49.19,VANCOUVER INTL A,1108395,2021-01-25 18:00,2021,1,25,18:00,3.6,2.4,92,6,7,24.1,101.03,NA
-123.18,49.19,VANCOUVER INTL A,1108395,2021-01-25 19:00,2021,1,25,19:00,3.3,2,91,2,5,24.1,101.02,Mostly Cloudy
-123.18,49.19,VANCOUVER INTL A,1108395,2021-01-25 20:00,2021,1,25,20:00,3.1,1.7,90,10,16,24.1,101.01,NA
-123.18,49.19,VANCOUVER INTL A,1108395,2021-01-25 21:00,2021,1,25,21:00,2.3,1.2,92,10,18,24.1,101,NA
-123.18,49.19,VANCOUVER INTL A,1108395,2021-01-25 22:00,2021,1,25,22:00,1.3,0.5,95,10,16,24.1,100.96,Mainly Clear
-123.18,49.19,VANCOUVER INTL A,1108395,2021-01-25 23:00,2021,1,25,23:00,1.7,0.8,94,10,19,24.1,100.9,NA
-123.18,49.19,VANCOUVER INTL A,1108395,2021-01-26 0:00,2021,1,26,0:00,2.4,1,91,8,18,24.1,100.86,NA
-123.18,49.19,VANCOUVER INTL A,1108395,2021-01-26 1:00,2021,1,26,1:00,2.6,1.3,91,9,21,24.1,100.82,Mostly Cloudy
-123.18,49.19,VANCOUVER INTL A,1108395,2021-01-26 2:00,2021,1,26,2:00,2.6,1.3,91,9,22,19.3,100.77,NA
-123.18,49.19,VANCOUVER INTL A,1108395,2021-01-26 3:00,2021,1,26,3:00,2.7,1.2,89,9,18,24.1,100.72,NA
-123.18,49.19,VANCOUVER INTL A,1108395,2021-01-26 4:00,2021,1,26,4:00,2.9,0.8,87,9,19,24.1,100.66,Mostly Cloudy
-123.18,49.19,VANCOUVER INTL A,1108395,2021-01-26 5:00,2021,1,26,5:00,2.7,0.5,85,9,21,24.1,100.59,NA
-123.18,49.19,VANCOUVER INTL A,1108395,2021-01-26 6:00,2021,1,26,6:00,2.4,-0.1,83,8,22,24.1,100.51,NA
-123.18,49.19,VANCOUVER INTL A,1108395,2021-01-26 7:00,2021,1,26,7:00,2.6,0.5,86,9,20,24.1,100.48,Mostly Cloudy
-123.18,49.19,VANCOUVER INTL A,1108395,2021-01-26 8:00,2021,1,26,8:00,2.2,0.6,89,10,20,32.2,100.43,NA
-123.18,49.19,VANCOUVER INTL A,1108395,2021-01-26 9:00,2021,1,26,9:00,2.6,0.9,88,10,19,32.2,100.4,NA
-123.18,49.19,VANCOUVER INTL A,1108395,2021-01-26 10:00,2021,1,26,10:00,3.5,1.1,85,9,19,32.2,100.35,Mostly Cloudy
-123.18,49.19,VANCOUVER INTL A,1108395,2021-01-26 11:00,2021,1,26,11:00,4.3,1.5,82,10,21,32.2,100.3,NA
-123.18,49.19,VANCOUVER INTL A,1108395,2021-01-26 12:00,2021,1,26,12:00,6.5,1.3,69,9,18,32.2,100.2,NA
-123.18,49.19,VANCOUVER INTL A,1108395,2021-01-26 13:00,2021,1,26,13:00,7.1,-1.6,54,8,28,32.2,100.11,Mainly Clear
-123.18,49.19,VANCOUVER INTL A,1108395,2021-01-26 14:00,2021,1,26,14:00,7,-2.4,51,8,24,32.2,100.01,NA
-123.18,49.19,VANCOUVER INTL A,1108395,2021-01-26 15:00,2021,1,26,15:00,6.4,-3.5,49,8,28,24.1,99.97,NA
-123.18,49.19,VANCOUVER INTL A,1108395,2021-01-26 16:00,2021,1,26,16:00,5.7,-2.8,55,9,25,32.2,99.91,Mostly Cloudy
-123.18,49.19,VANCOUVER INTL A,1108395,2021-01-26 17:00,2021,1,26,17:00,4.7,-1.8,63,9,22,32.2,99.82,NA
-123.18,49.19,VANCOUVER INTL A,1108395,2021-01-26 18:00,2021,1,26,18:00,4.6,-2.6,60,9,26,24.1,99.76,NA
-123.18,49.19,VANCOUVER INTL A,1108395,2021-01-26 19:00,2021,1,26,19:00,4.4,-3.1,58,8,16,32.2,99.75,Cloudy
-123.18,49.19,VANCOUVER INTL A,1108395,2021-01-26 20:00,2021,1,26,20:00,3.9,-3.1,60,9,18,32.2,99.77,NA
-123.18,49.19,VANCOUVER INTL A,1108395,2021-01-26 21:00,2021,1,26,21:00,4.2,-3.7,57,13,17,32.2,99.81,NA
-123.18,49.19,VANCOUVER INTL A,1108395,2021-01-26 22:00,2021,1,26,22:00,4.4,-4.1,54,9,20,32.2,99.86,Cloudy
-123.18,49.19,VANCOUVER INTL A,1108395,2021-01-26 23:00,2021,1,26,23:00,3.4,-2.5,65,7,23,32.2,99.88,NA
-123.18,49.19,VANCOUVER INTL A,1108395,2021-01-27 0:00,2021,1,27,0:00,2.3,-0.8,80,8,24,24.1,99.9,"Rain,Snow"
-123.18,49.19,VANCOUVER INTL A,1108395,2021-01-27 1:00,2021,1,27,1:00,1.6,0,89,7,21,32.2,99.85,Cloudy
-123.18,49.19,VANCOUVER INTL A,1108395,2021-01-27 2:00,2021,1,27,2:00,1.8,0,88,3,7,32.2,99.82,NA
-123.18,49.19,VANCOUVER INTL A,1108395,2021-01-27 3:00,2021,1,27,3:00,1.5,0.3,92,36,3,32.2,99.87,NA
-123.18,49.19,VANCOUVER INTL A,1108395,2021-01-27 4:00,2021,1,27,4:00,1.8,0.3,90,1,7,32.2,99.84,Cloudy
-123.18,49.19,VANCOUVER INTL A,1108395,2021-01-27 5:00,2021,1,27,5:00,2.6,-0.1,83,17,4,32.2,99.88,NA
-123.18,49.19,VANCOUVER INTL A,1108395,2021-01-27 6:00,2021,1,27,6:00,2.9,0.2,82,7,8,24.1,99.92,Rain
-123.18,49.19,VANCOUVER INTL A,1108395,2021-01-27 7:00,2021,1,27,7:00,2.6,0.4,86,6,17,19.3,99.96,Rain
-123.18,49.19,VANCOUVER INTL A,1108395,2021-01-27 8:00,2021,1,27,8:00,2.4,0.8,89,5,16,19.3,100.03,Rain
-123.18,49.19,VANCOUVER INTL A,1108395,2021-01-27 9:00,2021,1,27,9:00,2.4,1.1,91,10,13,32.2,100.09,Rain
-123.18,49.19,VANCOUVER INTL A,1108395,2021-01-27 10:00,2021,1,27,10:00,2.3,1.3,93,9,13,24.1,100.15,Rain
-123.18,49.19,VANCOUVER INTL A,1108395,2021-01-27 11:00,2021,1,27,11:00,2.4,1.5,94,7,11,19.3,100.2,Rain
-123.18,49.19,VANCOUVER INTL A,1108395,2021-01-27 12:00,2021,1,27,12:00,3.2,2.2,93,9,14,24.1,100.19,Rain
-123.18,49.19,VANCOUVER INTL A,1108395,2021-01-27 13:00,2021,1,27,13:00,3.3,2.1,92,9,17,32.2,100.22,Cloudy
-123.18,49.19,VANCOUVER INTL A,1108395,2021-01-27 14:00,2021,1,27,14:00,4,2.2,88,10,16,32.2,100.25,NA
-123.18,49.19,VANCOUVER INTL A,1108395,2021-01-27 15:00,2021,1,27,15:00,4.5,1.8,83,7,13,32.2,100.27,Rain
-123.18,49.19,VANCOUVER INTL A,1108395,2021-01-27 16:00,2021,1,27,16:00,4.8,1.8,81,6,13,32.2,100.26,Mostly Cloudy
-123.18,49.19,VANCOUVER INTL A,1108395,2021-01-27 17:00,2021,1,27,17:00,4.6,1.8,82,5,9,32.2,100.29,NA
-123.18,49.19,VANCOUVER INTL A,1108395,2021-01-27 18:00,2021,1,27,18:00,4.4,2,84,7,6,32.2,100.3,NA
-123.18,49.19,VANCOUVER INTL A,1108395,2021-01-27 19:00,2021,1,27,19:00,4.4,1.7,82,5,7,32.2,100.31,Cloudy
-123.18,49.19,VANCOUVER INTL A,1108395,2021-01-27 20:00,2021,1,27,20:00,3.8,1.6,86,36,2,32.2,100.31,NA
-123.18,49.19,VANCOUVER INTL A,1108395,2021-01-27 21:00,2021,1,27,21:00,3.8,1.6,85,13,4,32.2,100.31,NA
-123.18,49.19,VANCOUVER INTL A,1108395,2021-01-27 22:00,2021,1,27,22:00,3.6,2.1,90,15,17,32.2,100.37,Cloudy
-123.18,49.19,VANCOUVER INTL A,1108395,2021-01-27 23:00,2021,1,27,23:00,3.6,1.4,86,5,9,32.2,100.38,NA
-123.18,49.19,VANCOUVER INTL A,1108395,2021-01-28 0:00,2021,1,28,0:00,4.2,1.2,81,2,11,32.2,100.37,Rain
-123.18,49.19,VANCOUVER INTL A,1108395,2021-01-28 1:00,2021,1,28,1:00,3.8,1.9,87,11,8,32.2,100.36,Cloudy
-123.18,49.19,VANCOUVER INTL A,1108395,2021-01-28 2:00,2021,1,28,2:00,3.4,1.7,89,9,11,24.1,100.44,Rain
-123.18,49.19,VANCOUVER INTL A,1108395,2021-01-28 3:00,2021,1,28,3:00,3.3,2.2,92,2,10,24.1,100.46,Rain
-123.18,49.19,VANCOUVER INTL A,1108395,2021-01-28 4:00,2021,1,28,4:00,3,1.6,91,8,11,24.1,100.47,Rain
-123.18,49.19,VANCOUVER INTL A,1108395,2021-01-28 5:00,2021,1,28,5:00,2.9,1.9,93,7,6,32.2,100.46,NA
-123.18,49.19,VANCOUVER INTL A,1108395,2021-01-28 6:00,2021,1,28,6:00,3,2.2,95,32,5,32.2,100.52,Rain
-123.18,49.19,VANCOUVER INTL A,1108395,2021-01-28 7:00,2021,1,28,7:00,3.3,2.5,95,1,3,32.2,100.56,Rain
-123.18,49.19,VANCOUVER INTL A,1108395,2021-01-28 8:00,2021,1,28,8:00,3,1.6,91,34,7,32.2,100.59,NA
-123.18,49.19,VANCOUVER INTL A,1108395,2021-01-28 9:00,2021,1,28,9:00,3.9,1.7,86,4,6,32.2,100.65,NA
-123.18,49.19,VANCOUVER INTL A,1108395,2021-01-28 10:00,2021,1,28,10:00,4.8,1.9,82,26,4,32.2,100.7,Rain
-123.18,49.19,VANCOUVER INTL A,1108395,2021-01-28 11:00,2021,1,28,11:00,5.1,1.6,78,36,1,32.2,100.75,NA
-123.18,49.19,VANCOUVER INTL A,1108395,2021-01-28 12:00,2021,1,28,12:00,6.3,2.2,75,17,5,32.2,100.75,NA
-123.18,49.19,VANCOUVER INTL A,1108395,2021-01-28 13:00,2021,1,28,13:00,6.5,3,78,36,3,32.2,100.75,Mostly Cloudy
-123.18,49.19,VANCOUVER INTL A,1108395,2021-01-28 14:00,2021,1,28,14:00,6.3,2.8,78,30,12,32.2,100.75,NA
-123.18,49.19,VANCOUVER INTL A,1108395,2021-01-28 15:00,2021,1,28,15:00,5.8,1,71,32,19,32.2,100.8,NA
-123.18,49.19,VANCOUVER INTL A,1108395,2021-01-28 16:00,2021,1,28,16:00,5.2,2.6,83,30,17,32.2,100.83,Mostly Cloudy
-123.18,49.19,VANCOUVER INTL A,1108395,2021-01-28 17:00,2021,1,28,17:00,4.8,2.3,84,30,14,32.2,100.87,NA
-123.18,49.19,VANCOUVER INTL A,1108395,2021-01-28 18:00,2021,1,28,18:00,4.5,1.8,83,31,11,32.2,100.88,NA
-123.18,49.19,VANCOUVER INTL A,1108395,2021-01-28 19:00,2021,1,28,19:00,5,2.8,86,31,12,32.2,100.9,Cloudy
-123.18,49.19,VANCOUVER INTL A,1108395,2021-01-28 20:00,2021,1,28,20:00,4.4,1.6,82,31,6,32.2,100.92,NA
-123.18,49.19,VANCOUVER INTL A,1108395,2021-01-28 21:00,2021,1,28,21:00,4.3,2.1,85,33,6,32.2,100.96,Rain
-123.18,49.19,VANCOUVER INTL A,1108395,2021-01-28 22:00,2021,1,28,22:00,4.6,1.8,82,35,4,32.2,100.98,Cloudy
-123.18,49.19,VANCOUVER INTL A,1108395,2021-01-28 23:00,2021,1,28,23:00,4.2,2,86,36,2,32.2,100.99,NA
-123.18,49.19,VANCOUVER INTL A,1108395,2021-01-29 0:00,2021,1,29,0:00,4.2,2.5,89,9,4,32.2,101,NA
-123.18,49.19,VANCOUVER INTL A,1108395,2021-01-29 1:00,2021,1,29,1:00,4,2.8,92,10,10,32.2,100.97,Cloudy
-123.18,49.19,VANCOUVER INTL A,1108395,2021-01-29 2:00,2021,1,29,2:00,4,2.9,92,12,7,32.2,100.97,NA
-123.18,49.19,VANCOUVER INTL A,1108395,2021-01-29 3:00,2021,1,29,3:00,3.8,2.6,92,10,7,32.2,100.98,NA
-123.18,49.19,VANCOUVER INTL A,1108395,2021-01-29 4:00,2021,1,29,4:00,3.2,2.4,94,9,9,32.2,100.95,Cloudy
-123.18,49.19,VANCOUVER INTL A,1108395,2021-01-29 5:00,2021,1,29,5:00,2.7,2,95,9,10,32.2,100.91,NA
-123.18,49.19,VANCOUVER INTL A,1108395,2021-01-29 6:00,2021,1,29,6:00,2.8,2.3,96,9,6,32.2,100.92,NA
-123.18,49.19,VANCOUVER INTL A,1108395,2021-01-29 7:00,2021,1,29,7:00,2.8,2.2,96,11,13,32.2,100.9,Mostly Cloudy
-123.18,49.19,VANCOUVER INTL A,1108395,2021-01-29 8:00,2021,1,29,8:00,2.8,2.2,96,10,10,32.2,100.89,NA
-123.18,49.19,VANCOUVER INTL A,1108395,2021-01-29 9:00,2021,1,29,9:00,3.6,3,96,10,8,32.2,100.91,NA
-123.18,49.19,VANCOUVER INTL A,1108395,2021-01-29 10:00,2021,1,29,10:00,4.5,3.4,93,10,12,32.2,100.91,Mostly Cloudy
-123.18,49.19,VANCOUVER INTL A,1108395,2021-01-29 11:00,2021,1,29,11:00,4.9,3.4,89,11,12,32.2,100.92,NA
-123.18,49.19,VANCOUVER INTL A,1108395,2021-01-29 12:00,2021,1,29,12:00,5.9,2.8,80,5,17,32.2,100.87,NA
-123.18,49.19,VANCOUVER INTL A,1108395,2021-01-29 13:00,2021,1,29,13:00,6.8,2.7,75,10,16,32.2,100.83,Mostly Cloudy
-123.18,49.19,VANCOUVER INTL A,1108395,2021-01-29 14:00,2021,1,29,14:00,6.6,2,73,10,11,32.2,100.82,NA
-123.18,49.19,VANCOUVER INTL A,1108395,2021-01-29 15:00,2021,1,29,15:00,6.8,1.4,68,11,19,32.2,100.81,NA
-123.18,49.19,VANCOUVER INTL A,1108395,2021-01-29 16:00,2021,1,29,16:00,6.5,1.4,70,9,17,32.2,100.78,Mostly Cloudy
-123.18,49.19,VANCOUVER INTL A,1108395,2021-01-29 17:00,2021,1,29,17:00,6.1,1.4,72,9,16,32.2,100.78,NA
-123.18,49.19,VANCOUVER INTL A,1108395,2021-01-29 18:00,2021,1,29,18:00,5.6,1.8,76,9,16,32.2,100.79,Rain
-123.18,49.19,VANCOUVER INTL A,1108395,2021-01-29 19:00,2021,1,29,19:00,5.6,2.3,79,9,15,32.2,100.79,Cloudy
-123.18,49.19,VANCOUVER INTL A,1108395,2021-01-29 20:00,2021,1,29,20:00,6.1,1.2,71,8,17,32.2,100.8,NA
-123.18,49.19,VANCOUVER INTL A,1108395,2021-01-29 21:00,2021,1,29,21:00,5.1,1.5,78,10,18,32.2,100.83,NA
-123.18,49.19,VANCOUVER INTL A,1108395,2021-01-29 22:00,2021,1,29,22:00,5.5,1.3,74,9,20,32.2,100.85,Cloudy
-123.18,49.19,VANCOUVER INTL A,1108395,2021-01-29 23:00,2021,1,29,23:00,5.4,1.6,76,8,25,32.2,100.9,NA
-123.18,49.19,VANCOUVER INTL A,1108395,2021-01-30 0:00,2021,1,30,0:00,5.5,1.6,76,8,25,32.2,100.92,NA
-123.18,49.19,VANCOUVER INTL A,1108395,2021-01-30 1:00,2021,1,30,1:00,5.4,1.8,77,8,27,32.2,100.94,Cloudy
-123.18,49.19,VANCOUVER INTL A,1108395,2021-01-30 2:00,2021,1,30,2:00,5.1,2.2,82,9,26,32.2,100.95,NA
-123.18,49.19,VANCOUVER INTL A,1108395,2021-01-30 3:00,2021,1,30,3:00,4.9,2.7,86,9,26,32.2,100.95,Rain
-123.18,49.19,VANCOUVER INTL A,1108395,2021-01-30 4:00,2021,1,30,4:00,4.7,2.7,87,10,19,24.1,100.98,Rain
-123.18,49.19,VANCOUVER INTL A,1108395,2021-01-30 5:00,2021,1,30,5:00,5,2.5,84,8,27,24.1,100.95,Rain
-123.18,49.19,VANCOUVER INTL A,1108395,2021-01-30 6:00,2021,1,30,6:00,5.1,2.4,82,9,27,32.2,100.99,NA
-123.18,49.19,VANCOUVER INTL A,1108395,2021-01-30 7:00,2021,1,30,7:00,5,2.5,84,8,20,32.2,100.99,Cloudy
-123.18,49.19,VANCOUVER INTL A,1108395,2021-01-30 8:00,2021,1,30,8:00,4.6,2.9,89,9,21,32.2,101.03,NA
-123.18,49.19,VANCOUVER INTL A,1108395,2021-01-30 9:00,2021,1,30,9:00,4.8,3.2,90,8,17,24.1,101.07,Rain
-123.18,49.19,VANCOUVER INTL A,1108395,2021-01-30 10:00,2021,1,30,10:00,5,3.5,89,6,13,24.1,101.13,Rain
-123.18,49.19,VANCOUVER INTL A,1108395,2021-01-30 11:00,2021,1,30,11:00,5.2,4.2,94,7,19,16.1,101.15,Rain
-123.18,49.19,VANCOUVER INTL A,1108395,2021-01-30 12:00,2021,1,30,12:00,5.1,4.2,94,10,19,16.1,101.17,Rain
-123.18,49.19,VANCOUVER INTL A,1108395,2021-01-30 13:00,2021,1,30,13:00,5.5,4.3,92,10,17,32.2,101.14,Cloudy
-123.18,49.19,VANCOUVER INTL A,1108395,2021-01-30 14:00,2021,1,30,14:00,5.7,4.3,90,9,23,32.2,101.13,NA
-123.18,49.19,VANCOUVER INTL A,1108395,2021-01-30 15:00,2021,1,30,15:00,6,4.3,89,9,22,32.2,101.11,NA
-123.18,49.19,VANCOUVER INTL A,1108395,2021-01-30 16:00,2021,1,30,16:00,6.3,4.3,87,9,22,32.2,101.09,Cloudy
-123.18,49.19,VANCOUVER INTL A,1108395,2021-01-30 17:00,2021,1,30,17:00,6.6,4.3,85,9,21,32.2,101.1,Rain
-123.18,49.19,VANCOUVER INTL A,1108395,2021-01-30 18:00,2021,1,30,18:00,6.4,4.3,86,9,18,32.2,101.08,Rain
-123.18,49.19,VANCOUVER INTL A,1108395,2021-01-30 19:00,2021,1,30,19:00,6.1,4.2,88,9,15,32.2,101.06,Cloudy
-123.18,49.19,VANCOUVER INTL A,1108395,2021-01-30 20:00,2021,1,30,20:00,6.4,4,84,8,18,32.2,101.07,NA
-123.18,49.19,VANCOUVER INTL A,1108395,2021-01-30 21:00,2021,1,30,21:00,6.9,3.8,81,8,25,32.2,101.07,NA
-123.18,49.19,VANCOUVER INTL A,1108395,2021-01-30 22:00,2021,1,30,22:00,6.5,3.8,83,9,23,32.2,101.05,Cloudy
-123.18,49.19,VANCOUVER INTL A,1108395,2021-01-30 23:00,2021,1,30,23:00,6.8,3.9,82,9,28,32.2,101.04,NA
-123.18,49.19,VANCOUVER INTL A,1108395,2021-01-31 0:00,2021,1,31,0:00,6.9,4,82,9,25,32.2,101.04,NA
-123.18,49.19,VANCOUVER INTL A,1108395,2021-01-31 1:00,2021,1,31,1:00,7.2,3.9,80,9,23,32.2,101,Cloudy
-123.18,49.19,VANCOUVER INTL A,1108395,2021-01-31 2:00,2021,1,31,2:00,6.4,4.1,85,10,21,32.2,101.01,NA
-123.18,49.19,VANCOUVER INTL A,1108395,2021-01-31 3:00,2021,1,31,3:00,6.8,4.2,83,9,17,32.2,101,NA
-123.18,49.19,VANCOUVER INTL A,1108395,2021-01-31 4:00,2021,1,31,4:00,7.4,3.8,78,9,19,32.2,100.94,Cloudy
-123.18,49.19,VANCOUVER INTL A,1108395,2021-01-31 5:00,2021,1,31,5:00,6.9,4.1,82,9,21,32.2,100.94,NA
-123.18,49.19,VANCOUVER INTL A,1108395,2021-01-31 6:00,2021,1,31,6:00,6.6,4.9,89,9,16,24.1,100.94,Rain
-123.18,49.19,VANCOUVER INTL A,1108395,2021-01-31 7:00,2021,1,31,7:00,6.6,5.5,93,11,7,24.1,100.94,Cloudy
-123.18,49.19,VANCOUVER INTL A,1108395,2021-01-31 8:00,2021,1,31,8:00,6.5,5.8,95,10,6,19.3,101.02,Rain
-123.18,49.19,VANCOUVER INTL A,1108395,2021-01-31 9:00,2021,1,31,9:00,6.7,6,95,7,7,16.1,101.05,Rain
-123.18,49.19,VANCOUVER INTL A,1108395,2021-01-31 10:00,2021,1,31,10:00,6.8,6.3,96,10,10,11.3,101.12,Rain
-123.18,49.19,VANCOUVER INTL A,1108395,2021-01-31 11:00,2021,1,31,11:00,6.9,6.3,96,9,17,11.3,101.15,Rain
-123.18,49.19,VANCOUVER INTL A,1108395,2021-01-31 12:00,2021,1,31,12:00,6.8,6.1,95,9,15,17.7,101.15,Rain
-123.18,49.19,VANCOUVER INTL A,1108395,2021-01-31 13:00,2021,1,31,13:00,6.7,5.7,93,9,17,24.1,101.19,Rain
-123.18,49.19,VANCOUVER INTL A,1108395,2021-01-31 14:00,2021,1,31,14:00,6.5,5.3,93,9,21,24.1,101.17,Rain
-123.18,49.19,VANCOUVER INTL A,1108395,2021-01-31 15:00,2021,1,31,15:00,6.3,5.1,92,9,16,24.1,101.2,Rain
-123.18,49.19,VANCOUVER INTL A,1108395,2021-01-31 16:00,2021,1,31,16:00,6.4,5.2,92,11,9,24.1,101.18,Cloudy
-123.18,49.19,VANCOUVER INTL A,1108395,2021-01-31 17:00,2021,1,31,17:00,6,5.1,94,9,9,19.3,101.2,Rain
-123.18,49.19,VANCOUVER INTL A,1108395,2021-01-31 18:00,2021,1,31,18:00,5.9,5.2,95,10,8,19.3,101.23,Rain
-123.18,49.19,VANCOUVER INTL A,1108395,2021-01-31 19:00,2021,1,31,19:00,6.1,5.5,96,5,10,11.3,101.22,Rain
-123.18,49.19,VANCOUVER INTL A,1108395,2021-01-31 20:00,2021,1,31,20:00,5.9,5.2,95,8,18,3.6,101.22,"Rain,Drizzle,Fog"
-123.18,49.19,VANCOUVER INTL A,1108395,2021-01-31 21:00,2021,1,31,21:00,5.5,4.8,95,8,19,11.3,101.23,"Rain,Drizzle,Fog"
-123.18,49.19,VANCOUVER INTL A,1108395,2021-01-31 22:00,2021,1,31,22:00,5.7,4.5,92,10,14,24.1,101.24,Drizzle
-123.18,49.19,VANCOUVER INTL A,1108395,2021-01-31 23:00,2021,1,31,23:00,5.5,4.5,93,9,18,24.1,101.19,NA
